employee_id,hire_date,department_id,manager_id,job_level,gender,ethnicity_proxy,fte,is_active,termination_date
E00001,2018-07-29,D001,E00242,IC2,Male,White,1.0,True,
E00002,2022-12-20,D002,E00591,Director,Male,Other,0.8,True,
E00003,2022-03-15,D003,E00661,IC1,Male,Black,1.0,False,2025-02-21
E00004,2020-10-25,D005,E00254,IC3,Male,Two or more,1.0,True,
E00005,2020-10-11,D004,,M2,Male,Other,1.0,True,
E00006,2023-07-06,D004,,Director,Female,Two or more,0.5,True,
E00007,2018-07-21,D003,E00119,IC2,Male,Other,0.8,True,
E00008,2022-06-23,D001,E00476,M1,Female,White,1.0,True,
E00009,2019-04-18,D002,E00190,IC2,Female,White,1.0,True,
E00010,2018-08-09,D005,E00101,IC1,Male,Two or more,1.0,False,2022-10-25
E00011,2021-05-19,D001,E00622,IC3,Male,Two or more,1.0,True,
E00012,2024-04-05,D005,E00115,Director,Non-binary,Hispanic,1.0,False,2024-03-12
E00013,2022-09-21,D004,E00537,M2,Female,Asian,1.0,True,
E00014,2022-11-20,D002,E00555,IC3,Male,Asian,1.0,False,2022-07-19
E00015,2022-08-09,D004,E00049,IC2,Male,Black,1.0,True,
E00016,2023-01-17,D005,E00139,IC1,Female,Asian,1.0,True,
E00017,2021-04-18,D001,E00636,IC2,Female,Black,1.0,True,
E00018,2018-10-28,D001,E00406,IC1,Male,Asian,1.0,False,2024-08-22
E00019,2023-05-23,D004,E00098,IC2,Female,Two or more,1.0,False,2022-07-16
E00020,2020-11-21,D005,,M2,Male,Asian,1.0,True,
E00021,2021-03-18,D001,,IC1,Female,White,1.0,True,
E00022,2020-05-19,D004,E00004,IC1,Female,Hispanic,1.0,True,
E00023,2019-03-04,D001,E00740,M1,Male,Black,1.0,True,
E00024,2023-12-13,D004,E00014,IC2,Female,Other,1.0,True,
E00025,2023-01-06,D004,E00443,IC3,Male,Two or more,1.0,True,
E00026,2022-02-18,D001,E00795,IC1,Male,Other,1.0,True,
E00027,2020-08-01,D004,E00463,IC2,Female,Two or more,1.0,True,
E00028,2023-04-13,D005,E00468,IC3,Male,White,1.0,False,2022-12-11
E00029,2021-07-02,D005,E00311,M2,Male,Other,1.0,True,
E00030,2020-11-05,D001,,IC3,Male,Asian,1.0,False,2023-06-15
E00031,2020-11-21,D002,E00459,M1,Male,Two or more,0.8,True,
E00032,2019-06-17,D002,E00718,M1,Male,Other,1.0,True,
E00033,2018-08-04,D003,E00073,IC2,Male,Black,1.0,True,
E00034,2021-07-23,D001,E00705,IC2,Female,Hispanic,1.0,True,
E00035,2023-09-13,D005,E00333,IC3,Male,White,1.0,True,
E00036,2018-05-30,D004,,IC1,Non-binary,Asian,0.8,True,
E00037,2023-07-05,D005,E00133,M2,Male,Other,1.0,True,
E00038,2023-04-24,D001,E00498,M1,Male,Black,1.0,True,
E00039,2019-10-11,D001,E00146,IC2,Female,Asian,1.0,True,
E00040,2022-01-20,D005,E00219,IC3,Male,Black,1.0,True,
E00041,2019-01-23,D002,E00578,IC2,Prefer not to say,Two or more,1.0,False,2023-03-05
E00042,2022-11-12,D004,E00041,M1,Female,Black,0.5,True,
E00043,2022-07-01,D005,E00358,M2,Female,White,1.0,True,
E00044,2020-04-11,D001,,IC1,Male,Other,1.0,True,
E00045,2018-06-09,D001,E00106,IC3,Male,Asian,0.8,False,2022-07-16
E00046,2024-03-25,D001,E00236,IC1,Male,Other,1.0,True,
E00047,2020-11-10,D001,E00275,IC3,Female,Black,1.0,True,
E00048,2023-09-25,D001,E00531,IC2,Female,Other,1.0,True,
E00049,2022-05-09,D005,E00782,IC3,Male,Black,1.0,True,
E00050,2022-12-30,D004,E00669,IC3,Male,Asian,1.0,False,2024-01-11
E00051,2022-11-17,D005,,IC2,Male,Other,1.0,True,
E00052,2019-04-02,D005,,IC3,Male,Other,1.0,True,
E00053,2020-05-02,D005,,M2,Male,Two or more,1.0,True,
E00054,2020-12-29,D002,E00477,M2,Male,Other,1.0,True,
E00055,2021-03-12,D002,E00126,IC1,Male,Hispanic,1.0,True,
E00056,2018-04-13,D005,E00186,IC3,Male,Black,0.8,True,
E00057,2021-07-05,D002,E00678,Director,Male,Black,1.0,False,2022-01-23
E00058,2018-12-28,D001,E00700,M1,Female,White,1.0,True,
E00059,2022-10-09,D004,E00672,IC2,Female,Hispanic,1.0,False,2025-02-10
E00060,2022-05-21,D005,E00203,M1,Male,Hispanic,0.8,True,
E00061,2023-12-03,D005,,IC1,Male,Black,1.0,True,
E00062,2022-10-12,D005,E00489,IC1,Male,Hispanic,1.0,True,
E00063,2020-05-09,D001,E00149,M1,Female,Black,1.0,True,
E00064,2024-03-17,D004,E00443,M1,Male,Asian,1.0,True,
E00065,2020-08-21,D005,E00421,M2,Female,Asian,1.0,False,2022-03-02
E00066,2020-02-03,D004,E00317,IC3,Male,White,1.0,False,2023-01-21
E00067,2023-10-24,D005,E00602,Director,Male,Hispanic,1.0,False,2024-12-10
E00068,2020-05-18,D005,E00543,IC3,Male,Asian,0.8,True,
E00069,2018-06-28,D003,E00427,M2,Male,White,1.0,True,
E00070,2021-01-05,D001,E00581,IC1,Female,Asian,1.0,True,
E00071,2023-02-09,D003,E00611,IC1,Female,Asian,1.0,True,
E00072,2019-03-21,D002,E00454,M2,Male,Asian,1.0,True,
E00073,2020-12-21,D001,E00215,Director,Male,Hispanic,1.0,True,
E00074,2018-11-01,D001,E00607,Director,Male,Two or more,1.0,False,2022-06-29
E00075,2022-05-29,D004,E00575,IC2,Female,Black,1.0,True,
E00076,2021-01-20,D003,E00787,IC1,Female,Black,1.0,True,
E00077,2020-02-13,D003,E00120,Director,Female,Black,1.0,True,
E00078,2019-06-16,D004,,M1,Female,Hispanic,1.0,True,
E00079,2021-08-16,D003,E00740,IC2,Female,Other,1.0,True,
E00080,2022-04-20,D004,E00412,M2,Male,Black,0.8,True,
E00081,2024-01-14,D001,E00755,Director,Male,White,1.0,True,
E00082,2020-10-21,D005,E00010,IC2,Female,Two or more,1.0,True,
E00083,2019-01-12,D003,E00029,M2,Female,Two or more,1.0,True,
E00084,2023-05-06,D001,E00637,M2,Female,White,1.0,True,
E00085,2022-01-16,D005,E00287,M1,Male,Other,1.0,True,
E00086,2022-06-30,D004,E00417,M1,Female,Two or more,0.8,True,
E00087,2018-08-16,D001,E00343,IC2,Male,Other,1.0,True,
E00088,2020-01-03,D001,E00327,Director,Male,Black,1.0,False,2022-03-26
E00089,2022-12-05,D001,E00752,Director,Female,Asian,1.0,True,
E00090,2023-05-05,D002,E00076,Director,Male,Asian,1.0,True,
E00091,2020-10-17,D001,E00618,M2,Non-binary,Two or more,0.5,True,
E00092,2023-03-02,D004,E00712,IC1,Female,White,1.0,True,
E00093,2023-05-27,D003,E00526,IC3,Female,Black,0.8,True,
E00094,2020-06-27,D005,E00317,IC3,Male,Hispanic,1.0,False,2024-05-09
E00095,2023-10-07,D004,E00129,Director,Male,Black,1.0,True,
E00096,2019-11-07,D004,E00547,M1,Male,Other,1.0,True,
E00097,2019-07-16,D003,,M1,Male,White,1.0,True,
E00098,2022-05-19,D001,E00120,IC1,Female,Two or more,0.5,True,
E00099,2022-02-01,D001,E00288,M2,Male,Black,0.5,True,
E00100,2018-11-24,D004,E00770,IC3,Male,Hispanic,1.0,True,
E00101,2023-05-06,D001,E00213,IC1,Female,Asian,1.0,False,2022-03-26
E00102,2019-04-14,D001,E00143,Director,Male,Two or more,1.0,True,
E00103,2023-03-02,D002,E00546,IC2,Non-binary,White,1.0,True,
E00104,2018-01-18,D005,E00160,IC1,Male,White,1.0,True,
E00105,2023-02-11,D003,E00736,IC1,Female,Hispanic,0.8,False,2024-11-05
E00106,2023-01-19,D004,E00688,IC3,Female,Black,1.0,True,
E00107,2023-01-04,D003,E00787,IC1,Male,Two or more,1.0,True,
E00108,2022-04-08,D001,E00731,Director,Male,Hispanic,1.0,True,
E00109,2021-01-10,D002,,M1,Male,Other,1.0,True,
E00110,2022-07-11,D001,E00170,IC2,Male,Asian,1.0,True,
E00111,2019-10-12,D004,E00275,IC1,Female,Black,1.0,True,
E00112,2023-01-05,D001,E00376,IC3,Female,Other,1.0,True,
E00113,2021-07-26,D002,E00704,IC1,Female,Asian,1.0,True,
E00114,2020-12-11,D005,,Director,Female,Asian,1.0,False,2023-06-06
E00115,2021-03-31,D003,,IC2,Female,Other,1.0,False,2024-10-01
E00116,2021-08-26,D003,E00703,IC3,Male,Black,1.0,True,
E00117,2018-03-29,D003,E00517,IC1,Female,Black,1.0,True,
E00118,2018-11-24,D004,,IC1,Female,White,1.0,True,
E00119,2019-07-30,D002,E00331,IC2,Male,Black,1.0,True,
E00120,2018-09-26,D004,E00414,IC1,Female,Asian,1.0,True,
E00121,2020-10-27,D005,E00072,M2,Female,Asian,1.0,False,2022-10-11
E00122,2022-04-16,D003,E00594,Director,Male,Asian,1.0,True,
E00123,2022-03-14,D003,,Director,Female,Asian,1.0,True,
E00124,2021-01-09,D001,E00585,IC2,Male,Other,1.0,True,
E00125,2023-06-28,D002,E00428,M2,Male,Black,1.0,True,
E00126,2021-08-17,D005,E00627,M1,Female,Asian,1.0,True,
E00127,2018-07-05,D003,E00760,IC1,Male,Asian,1.0,True,
E00128,2022-11-29,D002,E00456,IC1,Male,Hispanic,1.0,True,
E00129,2021-09-08,D003,E00356,M1,Male,Two or more,1.0,True,
E00130,2022-01-27,D003,E00084,IC3,Male,Hispanic,1.0,True,
E00131,2021-08-18,D003,E00623,IC1,Male,Asian,1.0,True,
E00132,2021-07-21,D004,E00724,Director,Male,Black,1.0,True,
E00133,2018-08-01,D002,E00560,M2,Male,Hispanic,1.0,True,
E00134,2021-08-03,D004,E00693,M1,Female,Black,1.0,True,
E00135,2023-02-07,D003,E00689,Director,Non-binary,Two or more,1.0,True,
E00136,2019-12-14,D005,E00639,Director,Male,Other,1.0,False,2022-06-13
E00137,2021-11-14,D001,E00403,Director,Male,Hispanic,1.0,True,
E00138,2018-03-14,D001,E00080,IC2,Female,Two or more,1.0,True,
E00139,2020-03-25,D003,E00003,Director,Female,Black,1.0,False,2025-01-17
E00140,2020-10-20,D003,E00164,M1,Male,Asian,1.0,True,
E00141,2024-04-22,D004,,M2,Male,Two or more,1.0,False,2024-05-31
E00142,2019-05-18,D003,E00595,Director,Female,Two or more,1.0,False,2024-11-19
E00143,2019-10-11,D005,E00365,IC1,Female,Black,1.0,True,
E00144,2020-08-15,D003,E00019,IC3,Female,White,1.0,True,
E00145,2024-05-15,D001,E00169,IC1,Male,Black,0.8,True,
E00146,2023-06-24,D001,E00784,IC2,Female,White,1.0,True,
E00147,2018-03-23,D005,E00791,IC3,Non-binary,Other,1.0,True,
E00148,2019-07-03,D001,E00302,Director,Female,Other,1.0,True,
E00149,2023-04-11,D005,E00644,Director,Female,White,1.0,True,
E00150,2018-05-17,D002,,IC3,Female,Other,1.0,True,
E00151,2023-06-29,D001,E00746,IC2,Male,White,0.8,False,2023-01-05
E00152,2019-10-22,D002,E00711,M1,Male,Other,1.0,True,
E00153,2023-11-21,D004,E00503,Director,Male,Black,1.0,False,2023-04-13
E00154,2019-11-20,D003,E00316,Director,Non-binary,Hispanic,1.0,True,
E00155,2020-10-15,D004,E00502,IC2,Female,Hispanic,1.0,True,
E00156,2022-04-01,D004,,IC2,Male,White,1.0,True,
E00157,2018-10-24,D003,E00279,M2,Female,Asian,1.0,True,
E00158,2021-07-29,D004,E00487,IC2,Female,Black,1.0,True,
E00159,2021-03-29,D005,E00458,IC2,Female,Two or more,1.0,False,2023-10-30
E00160,2023-01-12,D003,E00465,IC1,Female,Asian,1.0,True,
E00161,2024-05-23,D001,E00308,IC3,Male,White,1.0,True,
E00162,2022-04-07,D003,E00328,IC3,Male,White,1.0,True,
E00163,2020-08-17,D005,E00009,M1,Male,Hispanic,0.8,True,
E00164,2020-08-10,D002,,IC2,Male,Asian,1.0,True,
E00165,2020-09-06,D005,E00461,M2,Male,Asian,0.8,False,2023-06-03
E00166,2023-03-24,D003,E00749,M2,Female,Black,1.0,True,
E00167,2020-01-23,D004,E00404,IC3,Female,Asian,1.0,True,
E00168,2019-01-27,D002,E00375,IC2,Female,Asian,1.0,False,2022-10-08
E00169,2020-02-23,D005,E00055,M1,Male,Asian,1.0,True,
E00170,2018-02-23,D001,E00158,M2,Prefer not to say,Black,1.0,True,
E00171,2018-09-06,D002,,IC3,Female,Two or more,1.0,True,
E00172,2018-07-31,D003,E00302,IC2,Male,White,1.0,True,
E00173,2022-12-14,D003,E00291,M1,Male,Asian,1.0,False,2023-03-10
E00174,2022-08-21,D003,E00316,IC3,Male,White,1.0,True,
E00175,2022-06-22,D001,E00616,IC3,Male,Asian,1.0,True,
E00176,2020-12-18,D002,,IC3,Male,Hispanic,1.0,True,
E00177,2022-08-08,D001,E00266,IC2,Male,Asian,1.0,True,
E00178,2019-01-14,D003,E00131,M2,Male,Asian,0.8,False,2023-12-05
E00179,2023-10-13,D002,E00247,IC3,Female,Asian,1.0,True,
E00180,2021-03-20,D003,E00548,IC3,Male,Hispanic,1.0,False,2022-02-13
E00181,2024-01-08,D003,E00038,M1,Female,Hispanic,0.8,True,
E00182,2018-12-24,D004,,IC3,Male,Hispanic,1.0,True,
E00183,2021-03-11,D003,E00019,IC1,Female,White,1.0,True,
E00184,2022-06-21,D004,E00764,Director,Female,Other,1.0,True,
E00185,2021-03-07,D003,E00582,IC1,Female,Other,1.0,True,
E00186,2020-11-11,D004,,M1,Female,White,1.0,True,
E00187,2019-01-25,D004,E00159,IC2,Female,White,1.0,True,
E00188,2020-06-12,D002,E00080,IC2,Female,Hispanic,0.8,True,
E00189,2019-07-14,D002,E00379,IC1,Female,Black,1.0,True,
E00190,2019-12-08,D004,,Director,Female,Hispanic,1.0,True,
E00191,2022-05-22,D002,E00468,IC3,Male,Asian,1.0,True,
E00192,2022-01-17,D003,E00705,IC3,Male,Two or more,1.0,True,
E00193,2021-11-24,D001,,M2,Male,Hispanic,0.5,True,
E00194,2020-04-28,D003,,IC1,Female,Other,1.0,True,
E00195,2024-02-28,D003,E00383,M1,Female,Two or more,1.0,True,
E00196,2018-07-25,D004,E00162,IC3,Male,Hispanic,1.0,True,
E00197,2020-03-14,D003,E00781,M1,Female,Two or more,1.0,True,
E00198,2018-10-04,D002,E00149,IC1,Female,Hispanic,1.0,True,
E00199,2020-03-05,D005,E00384,Director,Male,Asian,1.0,True,
E00200,2024-03-04,D003,E00418,IC2,Non-binary,Asian,1.0,True,
E00201,2020-05-08,D005,E00046,M2,Female,Asian,0.5,True,
E00202,2023-10-31,D004,,M2,Male,Two or more,1.0,True,
E00203,2021-03-06,D003,E00364,IC3,Female,Hispanic,1.0,True,
E00204,2022-06-29,D005,E00208,IC1,Male,Black,1.0,True,
E00205,2020-12-08,D001,E00103,IC2,Female,Hispanic,0.5,True,
E00206,2019-09-16,D005,E00037,M2,Female,Black,1.0,True,
E00207,2022-11-27,D005,E00007,Director,Male,Two or more,1.0,True,
E00208,2024-03-21,D003,,Director,Female,Two or more,1.0,True,
E00209,2019-09-10,D004,E00072,IC2,Male,Asian,1.0,False,2023-01-24
E00210,2022-12-31,D003,E00768,M1,Female,Other,1.0,True,
E00211,2019-09-05,D002,E00196,IC1,Male,Hispanic,1.0,True,
E00212,2022-08-08,D004,E00523,M2,Male,Asian,0.8,True,
E00213,2023-01-24,D002,E00539,IC3,Male,Two or more,1.0,True,
E00214,2020-11-19,D002,E00397,M2,Male,Asian,0.8,True,
E00215,2022-09-24,D003,E00707,M2,Female,Black,1.0,True,
E00216,2019-10-01,D005,E00089,Director,Male,Asian,1.0,True,
E00217,2018-07-05,D002,E00188,IC3,Female,Hispanic,1.0,False,2022-12-05
E00218,2018-08-14,D003,E00202,IC3,Male,White,1.0,True,
E00219,2020-11-13,D001,E00109,M1,Male,Black,1.0,True,
E00220,2023-10-17,D001,E00236,IC1,Male,Asian,1.0,True,
E00221,2018-10-27,D001,E00251,IC1,Male,Asian,1.0,True,
E00222,2020-12-04,D001,E00612,M1,Non-binary,Two or more,1.0,True,
E00223,2022-07-09,D005,E00242,M2,Female,Other,1.0,True,
E00224,2019-04-20,D005,E00702,M1,Male,Two or more,0.5,True,
E00225,2022-08-19,D005,E00619,M2,Male,White,1.0,False,2022-03-23
E00226,2019-12-19,D001,E00722,IC2,Female,White,1.0,True,
E00227,2023-03-11,D001,,IC3,Male,Other,1.0,True,
E00228,2021-09-19,D002,,M1,Female,White,1.0,True,
E00229,2021-07-05,D003,E00492,IC3,Female,Hispanic,1.0,True,
E00230,2019-02-19,D002,E00786,IC1,Female,Black,1.0,True,
E00231,2020-12-21,D003,E00284,IC1,Female,Hispanic,1.0,True,
E00232,2023-07-01,D001,E00763,Director,Male,Asian,1.0,True,
E00233,2018-02-15,D004,,M1,Male,Black,1.0,True,
E00234,2022-11-13,D002,E00058,IC2,Male,Other,1.0,True,
E00235,2021-03-01,D001,E00329,IC2,Male,Two or more,1.0,True,
E00236,2022-08-14,D004,E00111,IC1,Female,Asian,1.0,False,2022-05-22
E00237,2022-04-04,D005,E00754,Director,Female,Asian,1.0,True,
E00238,2020-10-09,D001,E00244,IC1,Female,Asian,0.5,True,
E00239,2019-12-25,D003,E00178,M2,Male,Other,1.0,False,2023-07-28
E00240,2022-01-10,D005,E00443,IC2,Female,Black,1.0,True,
E00241,2018-11-25,D004,E00341,IC3,Male,Black,1.0,True,
E00242,2021-10-01,D005,,IC2,Male,Asian,1.0,False,2022-04-29
E00243,2018-08-10,D003,E00654,M2,Male,Two or more,1.0,True,
E00244,2022-03-04,D002,,IC1,Male,Hispanic,1.0,False,2023-02-03
E00245,2022-01-13,D004,E00595,IC3,Female,Other,1.0,True,
E00246,2018-07-17,D001,E00494,IC2,Male,Other,1.0,True,
E00247,2022-11-11,D002,E00323,IC2,Male,Asian,1.0,True,
E00248,2020-09-01,D004,E00434,IC2,Male,Other,1.0,True,
E00249,2023-01-19,D004,E00417,Director,Male,White,1.0,True,
E00250,2018-04-08,D001,E00133,IC3,Male,White,1.0,True,
E00251,2019-02-25,D003,E00066,IC3,Prefer not to say,Black,1.0,True,
E00252,2021-03-03,D002,E00203,IC3,Female,Two or more,1.0,True,
E00253,2019-03-18,D003,E00364,Director,Male,Two or more,1.0,False,2023-10-11
E00254,2020-02-13,D005,E00129,IC3,Male,Hispanic,1.0,False,2024-10-07
E00255,2022-03-29,D001,E00086,IC3,Female,Asian,1.0,True,
E00256,2018-12-05,D005,,IC2,Male,Two or more,1.0,True,
E00257,2022-05-08,D003,E00300,IC2,Female,Two or more,1.0,True,
E00258,2018-08-31,D004,E00468,IC1,Male,White,1.0,False,2022-04-25
E00259,2019-02-15,D003,E00420,M1,Female,White,1.0,True,
E00260,2021-10-09,D002,E00589,IC1,Female,Black,0.8,False,2023-05-18
E00261,2023-02-03,D004,E00592,IC2,Male,Asian,1.0,True,
E00262,2019-02-04,D004,E00237,IC2,Female,Two or more,0.5,True,
E00263,2019-12-05,D001,E00679,IC2,Female,Hispanic,1.0,True,
E00264,2023-12-09,D004,E00298,M2,Female,Black,1.0,False,2022-04-29
E00265,2024-05-08,D004,E00669,M1,Male,Other,1.0,True,
E00266,2021-09-24,D002,E00324,Director,Male,Asian,1.0,True,
E00267,2020-11-13,D005,E00089,IC3,Male,Asian,1.0,True,
E00268,2020-03-24,D004,E00609,Director,Female,Black,1.0,True,
E00269,2021-12-06,D002,E00025,IC1,Male,Hispanic,1.0,True,
E00270,2021-10-17,D001,E00618,M1,Female,Hispanic,1.0,True,
E00271,2019-11-22,D004,E00035,M2,Male,Black,1.0,False,2023-05-11
E00272,2018-02-23,D002,E00166,M1,Female,Hispanic,1.0,True,
E00273,2018-12-22,D004,,Director,Female,Hispanic,0.8,False,2023-07-10
E00274,2024-02-25,D003,E00754,IC2,Female,White,0.8,True,
E00275,2020-09-07,D003,E00327,IC1,Male,White,1.0,True,
E00276,2021-02-04,D001,E00097,M2,Male,Two or more,1.0,False,2024-07-12
E00277,2020-12-30,D004,E00187,IC1,Female,Other,0.5,False,2023-05-27
E00278,2023-01-09,D001,E00717,M2,Male,Black,1.0,False,2024-12-17
E00279,2018-06-02,D003,E00582,M2,Male,Two or more,0.5,False,2022-06-09
E00280,2018-07-13,D005,E00081,Director,Female,White,1.0,True,
E00281,2019-10-09,D005,E00308,IC3,Male,Black,1.0,True,
E00282,2021-02-14,D005,,Director,Male,Hispanic,1.0,False,2022-03-03
E00283,2022-04-23,D005,E00143,IC2,Female,Other,1.0,True,
E00284,2021-02-24,D003,E00678,IC3,Male,Other,1.0,True,
E00285,2020-10-31,D002,E00495,IC1,Female,Hispanic,1.0,True,
E00286,2024-01-08,D005,,M2,Male,Asian,0.5,True,
E00287,2019-01-13,D005,E00521,M2,Female,Black,1.0,True,
E00288,2021-09-02,D005,E00331,M2,Male,Asian,1.0,True,
E00289,2021-06-25,D004,E00050,M2,Female,Other,1.0,True,
E00290,2021-01-14,D001,E00360,IC2,Male,White,1.0,True,
E00291,2023-03-09,D003,,IC1,Male,Hispanic,0.8,True,
E00292,2019-09-18,D003,E00197,Director,Female,Other,1.0,True,
E00293,2024-02-14,D005,E00704,IC3,Male,Other,1.0,True,
E00294,2020-02-17,D002,E00569,IC1,Prefer not to say,Other,1.0,True,
E00295,2021-07-01,D002,E00108,Director,Male,Asian,1.0,True,
E00296,2021-05-05,D001,E00682,Director,Female,White,1.0,True,
E00297,2023-06-15,D005,E00460,IC3,Male,Two or more,1.0,True,
E00298,2020-10-25,D004,E00700,M2,Female,Other,1.0,True,
E00299,2019-10-30,D001,E00598,IC1,Female,Black,0.8,True,
E00300,2018-02-20,D003,E00272,IC1,Male,Hispanic,1.0,True,
E00301,2020-05-02,D003,E00428,IC2,Male,Two or more,0.8,True,
E00302,2023-04-21,D003,E00425,M1,Male,Asian,1.0,True,
E00303,2018-01-24,D005,E00576,IC1,Female,White,1.0,True,
E00304,2023-10-02,D001,E00199,IC1,Male,Asian,1.0,True,
E00305,2021-06-26,D002,E00267,M2,Male,Two or more,1.0,False,2022-01-06
E00306,2018-11-25,D001,E00196,M2,Female,Asian,1.0,True,
E00307,2019-12-10,D002,E00237,M2,Male,Asian,1.0,False,2023-02-17
E00308,2021-07-22,D005,E00130,M2,Female,Black,1.0,True,
E00309,2020-01-10,D005,E00030,M2,Female,Black,1.0,False,2022-08-12
E00310,2018-09-12,D001,E00753,M1,Male,Hispanic,1.0,True,
E00311,2022-04-11,D004,E00060,M1,Non-binary,Black,1.0,True,
E00312,2022-04-25,D002,E00711,Director,Female,Hispanic,1.0,True,
E00313,2018-10-06,D001,E00003,IC3,Female,White,1.0,True,
E00314,2019-10-22,D002,E00622,IC1,Female,White,1.0,True,
E00315,2019-07-26,D001,E00263,M2,Male,Two or more,1.0,True,
E00316,2022-03-26,D003,E00415,IC2,Female,Hispanic,1.0,True,
E00317,2022-09-08,D005,,Director,Male,White,1.0,True,
E00318,2022-09-01,D003,E00393,IC3,Prefer not to say,Other,1.0,True,
E00319,2024-01-10,D004,E00362,Director,Female,Black,1.0,True,
E00320,2022-12-07,D003,E00424,IC1,Male,Other,1.0,False,2022-04-16
E00321,2020-01-22,D001,E00315,M1,Male,Two or more,1.0,True,
E00322,2018-09-10,D001,E00430,IC3,Male,Black,1.0,True,
E00323,2021-12-11,D002,E00661,IC3,Female,Black,1.0,True,
E00324,2023-11-18,D002,E00348,IC2,Female,Hispanic,1.0,True,
E00325,2024-04-04,D005,E00290,Director,Female,Black,1.0,False,2022-09-30
E00326,2019-06-24,D005,E00106,IC3,Male,White,1.0,True,
E00327,2019-07-09,D005,E00288,Director,Male,Two or more,1.0,True,
E00328,2018-03-29,D004,E00101,IC3,Female,White,1.0,True,
E00329,2018-11-28,D003,E00147,IC1,Female,Asian,0.8,True,
E00330,2021-07-24,D004,E00762,Director,Male,Black,1.0,True,
E00331,2021-07-05,D003,E00072,IC2,Female,Other,1.0,True,
E00332,2020-05-19,D004,E00386,IC2,Female,Black,1.0,True,
E00333,2019-12-28,D004,E00668,Director,Male,White,1.0,True,
E00334,2023-04-30,D004,E00763,Director,Female,Other,0.5,True,
E00335,2020-12-14,D004,,Director,Female,Black,1.0,True,
E00336,2023-03-10,D001,E00131,IC3,Female,White,1.0,True,
E00337,2024-03-07,D004,E00299,M2,Female,Hispanic,1.0,True,
E00338,2020-01-14,D002,E00444,IC2,Male,Asian,1.0,False,2025-02-01
E00339,2019-04-21,D004,E00768,M2,Male,Hispanic,1.0,False,2024-07-14
E00340,2024-02-12,D003,E00167,M1,Male,Hispanic,0.8,True,
E00341,2022-01-28,D005,E00132,IC1,Female,Asian,0.8,True,
E00342,2019-11-13,D002,E00203,IC3,Male,Two or more,1.0,True,
E00343,2021-12-28,D005,E00700,IC3,Female,White,1.0,True,
E00344,2021-04-22,D005,E00025,IC2,Male,Asian,1.0,True,
E00345,2023-10-24,D002,E00305,IC3,Female,Two or more,1.0,False,2022-01-22
E00346,2019-08-23,D003,E00096,M1,Male,Two or more,1.0,False,2024-11-24
E00347,2024-05-12,D003,E00126,IC1,Female,Asian,1.0,True,
E00348,2024-01-04,D004,E00734,IC1,Female,Asian,0.8,True,
E00349,2019-02-28,D004,E00002,M2,Male,Hispanic,1.0,True,
E00350,2019-01-21,D005,E00258,IC3,Female,White,1.0,False,2022-08-26
E00351,2021-06-03,D002,E00733,M1,Female,Other,1.0,True,
E00352,2018-04-16,D003,E00487,M1,Male,Hispanic,1.0,True,
E00353,2019-12-02,D003,E00058,M1,Male,White,1.0,True,
E00354,2020-10-16,D005,E00373,IC3,Female,Asian,1.0,True,
E00355,2024-03-22,D002,E00777,IC3,Male,White,0.8,True,
E00356,2024-05-15,D003,E00321,M2,Male,Two or more,1.0,True,
E00357,2018-12-22,D001,E00423,Director,Male,White,1.0,True,
E00358,2023-09-22,D005,E00426,IC2,Male,Hispanic,1.0,True,
E00359,2018-08-02,D002,E00529,M2,Male,Black,0.8,False,2023-04-15
E00360,2022-10-21,D002,E00150,Director,Male,Two or more,1.0,True,
E00361,2023-06-06,D003,E00672,IC1,Male,Asian,1.0,True,
E00362,2023-09-20,D003,E00791,M2,Male,Black,0.8,True,
E00363,2019-06-08,D005,E00115,IC3,Female,Asian,1.0,True,
E00364,2023-09-26,D003,E00655,Director,Female,Two or more,1.0,True,
E00365,2018-09-29,D003,E00654,M1,Female,Hispanic,1.0,True,
E00366,2021-05-01,D001,E00594,Director,Male,Two or more,0.8,True,
E00367,2021-01-05,D001,,IC1,Female,White,1.0,True,
E00368,2020-01-11,D002,,IC1,Male,White,1.0,True,
E00369,2018-02-21,D005,E00672,Director,Male,White,1.0,True,
E00370,2022-12-15,D005,E00123,M1,Prefer not to say,Black,0.8,True,
E00371,2020-02-26,D004,E00663,M1,Female,White,1.0,True,
E00372,2022-03-31,D004,E00737,IC2,Male,Other,0.8,True,
E00373,2020-08-19,D002,E00546,IC2,Male,Two or more,1.0,False,2023-01-14
E00374,2020-05-25,D001,E00274,M2,Female,White,1.0,True,
E00375,2023-09-09,D001,,IC2,Male,Two or more,0.8,False,2023-04-14
E00376,2018-08-10,D002,E00041,M1,Female,Two or more,1.0,False,2024-05-29
E00377,2022-09-23,D002,E00746,IC2,Male,White,0.8,True,
E00378,2022-10-17,D001,E00274,IC2,Male,Hispanic,0.8,False,2024-04-03
E00379,2020-06-09,D002,E00046,IC1,Female,Asian,1.0,True,
E00380,2019-09-08,D001,E00636,Director,Female,Black,1.0,True,
E00381,2018-01-13,D004,E00527,Director,Female,Two or more,0.8,True,
E00382,2024-01-05,D005,E00499,IC1,Female,Asian,1.0,True,
E00383,2024-01-31,D004,E00044,IC3,Male,Hispanic,1.0,True,
E00384,2019-07-19,D003,E00601,M1,Female,Other,1.0,True,
E00385,2018-03-16,D003,E00510,IC3,Female,Black,1.0,True,
E00386,2018-10-15,D002,E00635,M2,Male,Two or more,0.8,True,
E00387,2018-06-08,D001,E00662,IC2,Male,White,1.0,True,
E00388,2023-05-03,D003,E00170,IC1,Male,Asian,1.0,True,
E00389,2023-09-22,D003,E00169,IC3,Male,Black,1.0,False,2023-11-18
E00390,2018-12-26,D001,E00740,M1,Female,Other,1.0,True,
E00391,2022-10-17,D003,E00425,IC2,Male,Two or more,1.0,True,
E00392,2019-02-25,D002,,M2,Female,Two or more,1.0,False,2023-12-26
E00393,2020-05-10,D001,E00230,IC1,Male,Two or more,0.8,True,
E00394,2021-11-05,D004,E00512,IC1,Prefer not to say,Asian,1.0,True,
E00395,2022-08-15,D003,E00604,M1,Male,Other,1.0,True,
E00396,2023-08-12,D004,E00002,M1,Male,Asian,0.5,True,
E00397,2018-04-15,D004,E00443,IC2,Male,Asian,0.8,True,
E00398,2019-04-06,D005,E00795,IC2,Female,Other,1.0,True,
E00399,2019-10-20,D005,E00225,IC1,Male,Hispanic,1.0,True,
E00400,2019-12-29,D004,E00225,M1,Male,White,1.0,True,
E00401,2024-05-28,D005,E00703,IC3,Prefer not to say,Two or more,1.0,True,
E00402,2022-12-28,D003,E00050,IC1,Male,Asian,1.0,True,
E00403,2020-01-22,D005,E00319,IC3,Female,White,1.0,False,2024-04-21
E00404,2024-03-27,D004,E00367,Director,Male,Two or more,1.0,True,
E00405,2021-03-16,D004,E00639,IC2,Female,Hispanic,1.0,True,
E00406,2021-03-19,D005,E00104,Director,Female,White,1.0,True,
E00407,2020-10-13,D003,E00348,IC2,Female,Hispanic,1.0,True,
E00408,2018-12-04,D004,E00122,IC2,Male,Two or more,1.0,True,
E00409,2023-12-31,D002,E00631,IC2,Female,Asian,1.0,True,
E00410,2018-02-02,D005,E00506,IC2,Female,Two or more,1.0,True,
E00411,2019-02-13,D004,E00398,IC1,Female,Other,1.0,True,
E00412,2019-06-23,D004,E00315,M1,Male,Other,1.0,True,
E00413,2019-10-17,D003,E00123,IC3,Male,Hispanic,1.0,True,
E00414,2018-11-05,D005,E00738,M2,Female,White,0.5,True,
E00415,2018-02-12,D001,E00519,IC3,Female,Hispanic,1.0,True,
E00416,2022-05-08,D001,E00256,IC3,Male,Black,1.0,False,2022-08-01
E00417,2024-03-22,D003,,IC3,Female,Two or more,1.0,True,
E00418,2018-10-13,D004,E00581,IC1,Male,White,1.0,True,
E00419,2019-11-27,D005,E00576,M2,Female,Other,0.8,True,
E00420,2021-04-01,D003,,IC1,Male,Asian,1.0,True,
E00421,2023-12-15,D004,E00243,M2,Female,Other,1.0,True,
E00422,2022-06-16,D003,E00528,Director,Male,White,1.0,True,
E00423,2022-12-01,D005,E00527,M2,Female,Two or more,1.0,True,
E00424,2021-09-24,D004,,IC3,Non-binary,Asian,1.0,True,
E00425,2020-09-04,D003,E00059,IC2,Prefer not to say,White,1.0,True,
E00426,2019-04-14,D005,E00379,Director,Male,White,1.0,True,
E00427,2023-07-19,D001,E00492,IC2,Female,White,1.0,False,2023-04-03
E00428,2023-02-28,D005,E00761,IC3,Female,Asian,1.0,True,
E00429,2018-02-28,D001,E00421,M2,Male,Hispanic,1.0,True,
E00430,2022-08-04,D002,E00275,Director,Male,Black,1.0,True,
E00431,2018-07-17,D005,E00445,Director,Female,White,1.0,True,
E00432,2022-09-29,D004,E00142,IC1,Female,Black,1.0,True,
E00433,2023-04-21,D005,E00073,Director,Female,Hispanic,1.0,True,
E00434,2018-11-04,D004,E00543,IC1,Male,White,1.0,True,
E00435,2020-10-13,D004,E00789,M1,Male,Asian,0.8,True,
E00436,2018-10-18,D002,E00677,Director,Male,Other,1.0,True,
E00437,2021-08-22,D001,E00467,M1,Male,Other,1.0,False,2022-05-05
E00438,2023-12-15,D001,E00033,Director,Female,Asian,1.0,False,2024-03-25
E00439,2018-07-09,D002,E00791,IC3,Female,Asian,1.0,False,2023-05-21
E00440,2020-07-20,D001,E00360,IC2,Female,Two or more,1.0,False,2024-01-07
E00441,2024-03-30,D003,E00232,IC2,Male,Black,1.0,True,
E00442,2019-12-07,D004,,IC3,Female,Two or more,1.0,True,
E00443,2018-11-06,D005,E00598,M2,Female,Hispanic,0.8,True,
E00444,2021-02-19,D003,E00600,IC3,Female,Hispanic,1.0,True,
E00445,2021-04-06,D005,E00223,M2,Female,Black,1.0,True,
E00446,2022-04-03,D005,E00794,IC3,Male,White,1.0,True,
E00447,2020-01-06,D005,E00363,IC2,Female,Asian,1.0,False,2023-10-15
E00448,2024-02-18,D003,E00426,IC2,Female,Hispanic,1.0,True,
E00449,2021-05-06,D002,E00601,M1,Male,Hispanic,1.0,False,2022-11-13
E00450,2019-11-03,D005,E00528,Director,Female,Asian,1.0,True,
E00451,2024-02-29,D002,E00138,Director,Female,Hispanic,1.0,True,
E00452,2023-12-08,D003,E00242,IC2,Female,White,1.0,True,
E00453,2021-03-16,D001,E00289,IC3,Male,Other,1.0,True,
E00454,2018-02-28,D004,E00759,M2,Female,Asian,1.0,False,2022-06-10
E00455,2021-10-31,D004,E00572,M1,Male,Two or more,1.0,False,2025-01-29
E00456,2021-07-25,D001,E00294,IC1,Male,Two or more,1.0,True,
E00457,2018-12-14,D002,E00588,M1,Male,Other,1.0,True,
E00458,2022-01-26,D003,E00591,IC1,Female,Two or more,1.0,True,
E00459,2023-05-25,D003,E00316,IC1,Male,Hispanic,1.0,False,2022-12-06
E00460,2018-09-06,D005,,M1,Female,Other,1.0,True,
E00461,2022-08-23,D002,E00716,IC1,Female,Other,1.0,True,
E00462,2018-11-25,D005,E00450,IC3,Male,White,1.0,True,
E00463,2022-10-22,D003,E00120,M1,Female,Black,1.0,True,
E00464,2020-09-09,D005,E00576,M1,Female,White,1.0,True,
E00465,2018-01-16,D002,E00472,IC3,Female,Two or more,0.8,True,
E00466,2024-03-14,D001,E00408,IC1,Female,Two or more,1.0,False,2022-05-07
E00467,2019-01-25,D001,E00581,M2,Female,Hispanic,1.0,True,
E00468,2021-10-29,D002,E00726,Director,Male,Black,1.0,True,
E00469,2019-03-02,D005,,Director,Male,Other,1.0,True,
E00470,2023-12-28,D001,E00336,M2,Female,Asian,1.0,True,
E00471,2022-09-27,D002,E00152,IC3,Male,Asian,1.0,True,
E00472,2023-03-01,D001,E00518,Director,Female,White,1.0,True,
E00473,2020-10-09,D005,E00323,IC3,Female,Two or more,1.0,True,
E00474,2020-12-31,D004,E00274,IC1,Female,Black,1.0,True,
E00475,2022-01-26,D004,E00558,Director,Female,Hispanic,0.5,True,
E00476,2023-01-14,D004,E00327,IC2,Female,Black,1.0,True,
E00477,2023-06-09,D004,E00372,Director,Female,Hispanic,1.0,True,
E00478,2018-02-11,D004,E00353,IC3,Female,Asian,1.0,True,
E00479,2022-04-05,D001,E00207,Director,Male,White,1.0,True,
E00480,2018-09-13,D005,E00101,M1,Female,White,1.0,True,
E00481,2019-11-06,D004,E00662,IC3,Female,Black,1.0,False,2022-12-20
E00482,2023-04-29,D004,E00074,IC2,Female,Black,1.0,True,
E00483,2019-08-11,D002,E00260,Director,Male,Other,1.0,True,
E00484,2023-02-11,D005,E00534,IC1,Female,Black,1.0,True,
E00485,2020-12-21,D002,,IC3,Male,Asian,1.0,True,
E00486,2019-06-30,D001,E00525,IC3,Female,Asian,1.0,True,
E00487,2020-02-23,D005,E00587,M1,Female,Two or more,1.0,False,2024-11-09
E00488,2021-05-29,D002,E00531,IC2,Male,Hispanic,1.0,True,
E00489,2022-11-29,D001,E00245,M1,Female,Asian,0.8,True,
E00490,2021-11-21,D004,E00016,IC3,Female,Two or more,1.0,True,
E00491,2023-12-28,D002,E00710,IC2,Female,Asian,0.8,True,
E00492,2023-07-27,D005,E00262,IC2,Prefer not to say,Hispanic,1.0,True,
E00493,2022-11-01,D003,E00645,M2,Male,Asian,1.0,True,
E00494,2021-11-14,D001,E00159,IC2,Male,Other,1.0,True,
E00495,2019-11-11,D005,E00130,IC2,Prefer not to say,Other,1.0,True,
E00496,2020-08-25,D003,E00623,M1,Female,Other,1.0,True,
E00497,2018-10-06,D002,E00752,IC2,Non-binary,Black,1.0,True,
E00498,2020-05-27,D004,E00689,IC3,Female,Black,1.0,True,
E00499,2023-12-12,D003,E00601,IC2,Male,Two or more,1.0,True,
E00500,2020-09-25,D001,E00198,IC3,Female,Other,1.0,True,
E00501,2018-09-24,D004,E00731,M2,Female,Asian,1.0,True,
E00502,2022-03-09,D003,E00535,M1,Male,Other,1.0,True,
E00503,2024-03-06,D004,E00138,Director,Female,Other,1.0,False,2022-10-30
E00504,2023-07-27,D005,E00104,M2,Prefer not to say,White,1.0,True,
E00505,2019-10-05,D004,E00697,IC1,Female,White,1.0,True,
E00506,2020-11-29,D004,E00221,IC3,Male,Asian,0.8,True,
E00507,2021-05-29,D002,,IC2,Non-binary,Asian,1.0,True,
E00508,2019-08-04,D002,E00111,M1,Female,Asian,1.0,False,2025-02-14
E00509,2019-09-22,D003,E00225,IC2,Male,Asian,1.0,True,
E00510,2019-07-09,D005,E00227,Director,Male,Two or more,1.0,True,
E00511,2024-05-20,D003,E00225,IC2,Male,White,1.0,False,2023-06-17
E00512,2022-10-15,D002,E00540,M1,Female,Other,1.0,True,
E00513,2023-05-25,D004,E00732,IC1,Male,Black,1.0,True,
E00514,2023-03-30,D005,E00729,Director,Male,Two or more,1.0,True,
E00515,2024-02-27,D005,E00594,Director,Female,Black,1.0,True,
E00516,2018-09-04,D002,E00163,M2,Female,Two or more,1.0,True,
E00517,2023-08-29,D004,E00769,IC3,Female,Asian,1.0,True,
E00518,2018-06-06,D003,E00434,IC1,Male,Asian,1.0,True,
E00519,2021-01-19,D003,E00437,M2,Female,Asian,1.0,True,
E00520,2021-10-25,D002,E00562,IC3,Male,Other,1.0,True,
E00521,2020-04-18,D001,,Director,Prefer not to say,Black,1.0,True,
E00522,2018-12-09,D002,E00763,M2,Female,Hispanic,1.0,False,2024-09-23
E00523,2019-03-27,D003,E00466,M1,Female,Hispanic,1.0,True,
E00524,2023-04-18,D005,E00489,Director,Male,Other,1.0,True,
E00525,2020-01-18,D005,E00597,M2,Female,Hispanic,1.0,True,
E00526,2019-12-29,D001,,IC3,Male,Asian,1.0,True,
E00527,2023-12-05,D004,E00247,IC1,Male,Hispanic,1.0,True,
E00528,2018-12-04,D001,E00501,IC1,Male,Black,1.0,True,
E00529,2023-11-16,D004,,IC3,Female,Other,1.0,True,
E00530,2023-11-29,D002,E00257,M1,Male,Other,1.0,True,
E00531,2021-11-04,D003,E00575,IC1,Male,Asian,1.0,True,
E00532,2019-01-24,D004,,IC1,Female,Other,1.0,True,
E00533,2019-01-01,D003,E00416,M2,Male,Asian,1.0,True,
E00534,2019-10-30,D005,E00320,M2,Male,White,1.0,True,
E00535,2021-09-15,D003,E00353,IC1,Male,Hispanic,1.0,True,
E00536,2018-12-27,D005,E00549,M1,Female,Black,0.5,False,2024-01-25
E00537,2020-12-04,D004,E00436,IC1,Female,Hispanic,1.0,True,
E00538,2018-09-28,D002,E00019,M2,Female,Black,1.0,True,
E00539,2021-06-20,D004,E00432,Director,Female,Other,1.0,True,
E00540,2018-02-19,D003,E00321,Director,Female,Two or more,1.0,True,
E00541,2022-07-20,D003,E00561,M1,Prefer not to say,Other,1.0,True,
E00542,2018-05-10,D001,E00701,M1,Female,Hispanic,1.0,False,2022-02-20
E00543,2019-04-02,D001,,Director,Male,White,0.5,True,
E00544,2019-02-14,D003,E00489,M1,Female,Hispanic,1.0,True,
E00545,2023-05-02,D001,E00291,IC3,Female,Other,1.0,True,
E00546,2018-05-06,D005,E00356,M2,Female,White,1.0,True,
E00547,2020-10-03,D005,E00142,M1,Female,Hispanic,0.5,True,
E00548,2021-10-17,D004,E00749,Director,Male,Hispanic,1.0,True,
E00549,2021-04-24,D004,E00678,M1,Non-binary,Hispanic,1.0,True,
E00550,2022-05-15,D003,E00684,Director,Male,White,1.0,True,
E00551,2023-02-26,D001,E00263,IC1,Female,Other,1.0,True,
E00552,2020-07-11,D002,E00258,IC1,Male,Hispanic,1.0,True,
E00553,2023-04-26,D003,E00686,IC1,Female,Other,1.0,True,
E00554,2020-01-16,D005,E00436,M1,Male,Other,1.0,True,
E00555,2024-04-26,D002,E00564,M2,Male,Hispanic,1.0,True,
E00556,2021-03-28,D003,E00392,IC2,Female,Two or more,0.5,True,
E00557,2022-09-22,D002,E00355,IC1,Female,Black,1.0,True,
E00558,2023-08-14,D001,E00506,Director,Female,Two or more,0.8,True,
E00559,2023-02-01,D001,E00651,M2,Female,Black,1.0,True,
E00560,2023-06-19,D002,E00268,M1,Male,White,1.0,True,
E00561,2021-06-11,D001,E00648,IC3,Male,Black,1.0,False,2023-08-12
E00562,2018-04-12,D001,E00196,IC3,Non-binary,Hispanic,1.0,False,2023-04-27
E00563,2021-03-01,D002,E00323,IC1,Female,Hispanic,1.0,True,
E00564,2019-03-02,D002,,IC2,Male,Other,1.0,True,
E00565,2023-09-16,D003,E00764,Director,Female,Asian,1.0,True,
E00566,2019-07-09,D001,,IC3,Male,Two or more,1.0,False,2022-08-21
E00567,2019-06-19,D002,E00253,M2,Female,Two or more,0.5,True,
E00568,2019-08-08,D003,,M2,Female,White,1.0,True,
E00569,2022-02-15,D005,E00749,IC2,Male,White,1.0,False,2023-09-28
E00570,2021-08-31,D004,E00783,IC2,Female,Other,1.0,True,
E00571,2024-02-03,D005,E00017,M2,Female,Black,1.0,True,
E00572,2020-09-02,D002,E00596,IC1,Male,Other,1.0,False,2022-04-29
E00573,2019-10-24,D003,E00798,IC3,Female,Black,1.0,True,
E00574,2018-04-26,D003,E00612,Director,Male,Other,1.0,True,
E00575,2018-01-17,D005,E00187,M2,Male,Black,1.0,True,
E00576,2020-05-25,D005,E00611,M2,Male,Other,1.0,True,
E00577,2023-12-11,D005,E00085,IC1,Male,Other,1.0,True,
E00578,2021-05-12,D004,E00385,IC2,Male,Black,1.0,True,
E00579,2023-09-26,D003,E00501,IC2,Male,White,1.0,True,
E00580,2018-08-27,D003,E00366,IC2,Male,Hispanic,1.0,True,
E00581,2018-08-07,D005,E00560,IC2,Male,Black,1.0,True,
E00582,2023-05-08,D002,E00193,Director,Female,White,0.8,True,
E00583,2018-09-08,D002,E00485,IC1,Female,Two or more,1.0,True,
E00584,2018-05-02,D005,E00516,M2,Male,Asian,1.0,False,2024-03-18
E00585,2020-08-05,D002,E00508,M1,Female,Two or more,1.0,True,
E00586,2023-12-08,D002,E00232,M1,Female,Two or more,1.0,True,
E00587,2022-06-04,D003,E00245,IC2,Female,White,0.8,True,
E00588,2018-08-21,D002,E00207,IC2,Male,White,0.8,True,
E00589,2023-05-17,D005,E00370,M1,Female,Hispanic,0.8,True,
E00590,2023-06-01,D005,,IC2,Male,Asian,1.0,False,2024-08-08
E00591,2023-02-20,D002,E00291,M2,Male,White,0.8,False,2022-04-17
E00592,2023-10-17,D003,E00328,IC1,Male,Other,1.0,True,
E00593,2019-07-17,D005,E00230,IC1,Female,Black,1.0,True,
E00594,2024-04-15,D004,E00176,M2,Male,Other,1.0,True,
E00595,2020-01-22,D002,E00526,M1,Male,Other,1.0,True,
E00596,2023-02-23,D003,E00653,IC1,Female,Other,1.0,True,
E00597,2021-09-20,D004,E00233,Director,Male,Hispanic,0.8,False,2023-07-09
E00598,2023-01-02,D004,E00689,IC1,Female,Hispanic,1.0,True,
E00599,2022-01-11,D001,E00457,Director,Non-binary,Hispanic,1.0,True,
E00600,2022-02-14,D002,E00135,M2,Female,Two or more,0.8,True,
E00601,2021-12-15,D005,E00293,Director,Male,Two or more,1.0,True,
E00602,2022-12-31,D002,E00007,Director,Male,Hispanic,1.0,True,
E00603,2022-09-29,D002,E00032,IC2,Female,Two or more,0.8,True,
E00604,2018-11-12,D002,E00269,M2,Male,White,1.0,False,2024-01-28
E00605,2023-04-21,D001,E00364,IC2,Female,Hispanic,1.0,False,2022-03-13
E00606,2021-06-10,D001,E00639,IC3,Male,Asian,1.0,True,
E00607,2020-01-28,D002,,IC2,Male,White,1.0,True,
E00608,2021-04-20,D005,E00672,IC3,Female,White,0.8,True,
E00609,2024-03-16,D001,E00188,Director,Female,Two or more,1.0,True,
E00610,2023-07-04,D002,,IC3,Male,Other,1.0,True,
E00611,2023-05-09,D001,E00560,IC1,Female,Asian,1.0,True,
E00612,2020-12-20,D003,E00620,IC2,Male,White,1.0,True,
E00613,2023-01-13,D002,E00484,M2,Male,Other,1.0,True,
E00614,2020-06-21,D004,E00093,M1,Male,Hispanic,0.8,True,
E00615,2022-05-28,D003,E00093,M1,Female,Hispanic,1.0,True,
E00616,2022-02-08,D004,E00313,IC3,Male,Other,1.0,True,
E00617,2019-08-09,D004,E00361,IC2,Male,White,1.0,True,
E00618,2019-09-17,D003,E00799,M1,Female,Other,0.8,True,
E00619,2018-05-24,D005,E00230,M1,Female,Hispanic,1.0,True,
E00620,2018-11-24,D003,E00155,Director,Female,Black,1.0,True,
E00621,2020-10-13,D005,E00757,M1,Female,White,1.0,True,
E00622,2021-01-25,D005,E00124,Director,Male,Two or more,0.5,True,
E00623,2019-01-23,D003,E00022,M2,Female,White,1.0,True,
E00624,2020-09-04,D004,E00339,IC1,Male,Other,1.0,True,
E00625,2021-11-17,D002,E00321,IC3,Female,Asian,1.0,True,
E00626,2019-06-30,D005,,IC3,Female,Two or more,1.0,True,
E00627,2020-03-03,D004,E00703,IC1,Female,Black,1.0,True,
E00628,2020-05-11,D005,E00747,IC2,Male,Two or more,1.0,True,
E00629,2021-03-29,D002,E00232,M2,Male,Hispanic,1.0,True,
E00630,2020-05-08,D004,E00785,IC3,Female,Two or more,1.0,False,2023-03-27
E00631,2022-09-24,D003,E00507,IC1,Male,Two or more,1.0,False,2022-10-26
E00632,2020-02-07,D001,E00056,IC2,Female,Other,0.5,True,
E00633,2020-10-14,D001,E00751,IC2,Female,Two or more,1.0,False,2022-02-15
E00634,2020-06-08,D003,E00111,IC2,Female,White,1.0,True,
E00635,2019-03-05,D002,E00471,IC1,Prefer not to say,Two or more,0.8,True,
E00636,2022-05-27,D001,,M2,Male,Black,1.0,True,
E00637,2019-07-06,D003,,M2,Male,Asian,1.0,True,
E00638,2019-11-27,D004,E00217,IC3,Female,White,1.0,True,
E00639,2023-02-02,D002,E00381,M1,Female,Other,1.0,True,
E00640,2024-02-03,D005,E00708,Director,Male,Other,1.0,True,
E00641,2022-04-22,D004,,Director,Female,White,1.0,True,
E00642,2023-11-18,D003,E00531,IC1,Male,White,1.0,False,2024-07-18
E00643,2023-06-26,D005,E00363,Director,Male,White,1.0,True,
E00644,2021-02-01,D003,E00090,IC1,Female,Two or more,1.0,True,
E00645,2022-12-11,D001,E00569,IC1,Male,Two or more,1.0,True,
E00646,2020-02-09,D001,E00667,IC3,Non-binary,Asian,1.0,True,
E00647,2020-12-15,D005,E00461,M2,Female,White,1.0,True,
E00648,2021-06-09,D005,E00142,IC1,Male,Hispanic,0.5,True,
E00649,2024-03-01,D004,E00125,IC2,Male,Other,1.0,False,2023-05-30
E00650,2023-06-13,D001,E00339,IC2,Female,White,1.0,True,
E00651,2021-02-20,D002,E00406,IC3,Male,Two or more,1.0,True,
E00652,2022-03-10,D001,E00442,Director,Female,Hispanic,0.8,True,
E00653,2019-04-20,D001,E00195,IC2,Male,Other,1.0,True,
E00654,2023-03-01,D002,E00401,IC2,Male,Asian,1.0,False,2024-05-18
E00655,2021-07-20,D003,E00237,IC1,Male,Two or more,1.0,True,
E00656,2021-06-02,D001,E00549,IC2,Male,Asian,0.8,True,
E00657,2022-12-02,D005,E00638,IC1,Male,Hispanic,0.5,True,
E00658,2022-01-23,D003,E00523,M1,Female,Two or more,1.0,True,
E00659,2018-06-19,D002,E00001,IC3,Female,Two or more,1.0,True,
E00660,2019-11-07,D003,E00794,IC3,Female,Hispanic,1.0,False,2023-11-10
E00661,2019-02-19,D004,E00020,M2,Male,Hispanic,1.0,False,2024-10-09
E00662,2022-09-19,D002,E00800,M1,Female,Asian,1.0,False,2025-02-26
E00663,2018-03-24,D001,E00026,IC1,Female,Two or more,1.0,True,
E00664,2019-04-20,D001,E00414,IC3,Male,Asian,1.0,False,2023-11-28
E00665,2021-11-01,D005,E00085,IC2,Female,Asian,1.0,True,
E00666,2022-06-17,D001,E00077,M2,Female,Hispanic,1.0,True,
E00667,2021-03-25,D004,E00547,IC2,Female,Asian,1.0,True,
E00668,2023-07-11,D002,E00583,IC1,Female,Asian,1.0,True,
E00669,2023-11-24,D004,E00095,M2,Male,White,1.0,True,
E00670,2018-11-06,D001,E00782,IC3,Female,Other,1.0,True,
E00671,2024-02-11,D005,E00257,IC1,Female,Black,1.0,True,
E00672,2021-12-11,D004,E00255,M2,Non-binary,Other,1.0,True,
E00673,2022-01-31,D003,E00238,IC2,Male,White,1.0,True,
E00674,2018-08-11,D002,E00369,Director,Male,Black,1.0,True,
E00675,2021-12-28,D005,E00143,M2,Male,Other,1.0,True,
E00676,2022-08-29,D002,E00340,IC3,Male,White,0.5,True,
E00677,2021-09-23,D003,E00168,M1,Female,Other,1.0,True,
E00678,2018-07-18,D002,E00042,M1,Male,Asian,1.0,False,2023-02-12
E00679,2021-05-11,D002,E00295,M1,Male,Black,1.0,True,
E00680,2024-01-03,D003,E00538,IC1,Female,Black,1.0,True,
E00681,2022-08-23,D001,E00611,IC2,Female,Hispanic,0.5,False,2023-05-04
E00682,2018-11-19,D001,E00283,IC2,Female,Two or more,1.0,True,
E00683,2024-02-29,D002,E00259,M2,Male,Other,1.0,True,
E00684,2024-02-26,D001,E00630,IC1,Male,White,0.8,False,2024-08-12
E00685,2019-02-02,D003,E00545,M1,Male,White,1.0,True,
E00686,2023-02-21,D005,E00666,M2,Female,Two or more,1.0,True,
E00687,2020-08-11,D001,E00725,Director,Female,Hispanic,1.0,True,
E00688,2021-10-23,D001,E00657,IC2,Female,Black,1.0,True,
E00689,2020-11-09,D001,E00750,IC1,Male,Asian,1.0,True,
E00690,2023-01-09,D003,E00334,M2,Male,Black,1.0,True,
E00691,2024-05-25,D002,E00316,IC1,Male,White,0.8,True,
E00692,2023-02-07,D003,E00258,IC1,Male,Hispanic,0.8,True,
E00693,2023-12-24,D001,E00189,Director,Male,Hispanic,0.8,True,
E00694,2024-01-27,D002,,Director,Non-binary,Hispanic,1.0,True,
E00695,2018-07-31,D003,E00572,M2,Female,Two or more,1.0,True,
E00696,2019-08-17,D003,E00642,Director,Female,Two or more,1.0,True,
E00697,2022-08-20,D003,E00134,IC1,Female,Asian,1.0,True,
E00698,2021-10-15,D004,E00394,IC1,Female,Asian,1.0,True,
E00699,2018-04-28,D003,,IC2,Female,Black,1.0,True,
E00700,2018-08-11,D005,,IC1,Female,Two or more,1.0,True,
E00701,2021-05-05,D003,E00214,Director,Non-binary,Hispanic,1.0,True,
E00702,2021-12-15,D002,,IC1,Female,Two or more,1.0,True,
E00703,2019-01-29,D002,E00456,M1,Non-binary,White,1.0,False,2023-05-09
E00704,2019-02-06,D002,E00704,Director,Male,White,1.0,True,
E00705,2018-10-31,D003,E00733,M2,Male,Black,0.5,True,
E00706,2021-08-17,D002,E00077,IC2,Male,Hispanic,0.8,True,
E00707,2018-01-19,D005,E00261,IC3,Female,Asian,1.0,False,2023-08-24
E00708,2021-09-03,D003,,M1,Male,White,1.0,True,
E00709,2021-01-20,D005,E00247,M2,Female,Black,1.0,True,
E00710,2020-12-28,D004,E00428,IC3,Male,Black,1.0,True,
E00711,2022-05-12,D002,,IC2,Female,Asian,1.0,False,2022-08-13
E00712,2021-05-10,D002,E00055,M2,Female,Other,1.0,True,
E00713,2022-09-02,D004,E00409,Director,Male,Two or more,1.0,True,
E00714,2022-11-26,D002,E00043,IC3,Male,Hispanic,1.0,True,
E00715,2023-11-27,D002,E00182,IC1,Female,White,0.5,False,2025-02-18
E00716,2023-02-17,D005,E00001,M1,Male,Two or more,1.0,True,
E00717,2021-04-28,D003,E00070,Director,Female,White,1.0,True,
E00718,2021-02-27,D001,E00350,Director,Male,White,1.0,True,
E00719,2019-07-07,D003,E00681,IC3,Female,Hispanic,1.0,False,2024-01-23
E00720,2021-11-06,D003,E00620,IC1,Female,White,1.0,True,
E00721,2018-11-23,D005,E00080,M1,Female,White,1.0,True,
E00722,2023-12-23,D004,E00028,M2,Female,Other,1.0,True,
E00723,2023-06-04,D001,E00271,Director,Female,White,1.0,True,
E00724,2018-10-08,D001,E00522,IC1,Female,White,0.8,True,
E00725,2023-01-17,D004,E00598,IC2,Female,Asian,1.0,True,
E00726,2018-10-02,D001,,IC3,Female,Two or more,1.0,False,2023-01-17
E00727,2022-08-18,D002,E00274,IC1,Male,Two or more,0.8,True,
E00728,2018-07-25,D001,E00135,Director,Female,Black,1.0,True,
E00729,2021-02-18,D001,,IC1,Male,Black,1.0,True,
E00730,2022-03-23,D005,E00118,M1,Male,Two or more,1.0,True,
E00731,2022-09-05,D001,E00053,Director,Female,Black,0.8,True,
E00732,2020-09-08,D001,E00689,M2,Male,Other,1.0,False,2023-11-08
E00733,2023-12-01,D005,E00215,M2,Female,Other,0.8,True,
E00734,2022-12-21,D001,E00659,IC2,Female,Two or more,1.0,True,
E00735,2019-05-04,D005,E00443,M2,Male,Asian,1.0,True,
E00736,2022-04-23,D001,,IC3,Male,Hispanic,0.8,True,
E00737,2022-09-09,D001,E00364,IC1,Male,White,0.5,False,2023-04-09
E00738,2020-02-22,D001,E00656,IC3,Female,Two or more,0.5,False,2022-06-29
E00739,2022-09-27,D004,E00035,IC3,Male,Black,1.0,True,
E00740,2023-10-07,D004,,M1,Female,Black,1.0,True,
E00741,2023-03-31,D003,E00339,IC2,Female,Black,0.8,True,
E00742,2022-11-23,D002,E00316,IC3,Female,Other,0.8,True,
E00743,2022-01-27,D001,E00437,IC3,Prefer not to say,Two or more,1.0,True,
E00744,2019-09-27,D003,E00591,IC2,Female,Asian,1.0,True,
E00745,2023-02-08,D002,E00471,M2,Male,Black,1.0,True,
E00746,2020-05-03,D003,E00206,IC2,Male,Black,1.0,True,
E00747,2021-06-01,D004,E00262,M2,Male,Two or more,1.0,True,
E00748,2020-01-08,D005,E00602,IC2,Male,Hispanic,1.0,True,
E00749,2020-01-04,D003,,Director,Male,Black,1.0,True,
E00750,2019-01-05,D001,E00404,IC3,Female,Black,1.0,True,
E00751,2024-03-03,D002,E00432,IC1,Female,White,1.0,True,
E00752,2018-12-13,D005,,IC1,Male,Hispanic,0.8,False,2024-10-08
E00753,2018-07-22,D003,E00572,M2,Female,Asian,1.0,True,
E00754,2024-01-04,D004,E00372,Director,Female,Other,0.8,True,
E00755,2021-07-24,D003,E00248,IC2,Female,Hispanic,1.0,False,2024-10-20
E00756,2020-10-23,D001,E00295,M1,Female,Black,1.0,False,2024-08-23
E00757,2022-09-25,D005,E00330,M1,Female,Other,1.0,True,
E00758,2020-06-17,D004,,IC1,Female,Other,1.0,True,
E00759,2018-10-27,D005,E00501,IC3,Male,Asian,1.0,True,
E00760,2022-09-07,D005,E00167,M2,Female,Asian,1.0,True,
E00761,2019-02-17,D002,E00519,Director,Prefer not to say,Asian,1.0,True,
E00762,2021-07-20,D002,E00602,Director,Non-binary,Other,1.0,True,
E00763,2024-02-03,D002,E00770,IC1,Female,White,1.0,False,2023-03-02
E00764,2024-01-04,D005,E00096,IC2,Male,Other,1.0,True,
E00765,2020-04-25,D003,E00608,IC3,Male,White,1.0,True,
E00766,2023-01-04,D003,,IC1,Male,Hispanic,0.8,True,
E00767,2021-12-07,D005,E00270,M1,Female,White,1.0,True,
E00768,2021-01-28,D004,E00142,IC1,Female,Other,1.0,True,
E00769,2018-11-24,D005,E00130,IC1,Female,Hispanic,0.8,False,2022-10-24
E00770,2020-06-01,D005,E00141,IC1,Male,Two or more,1.0,True,
E00771,2022-03-09,D001,E00036,IC2,Prefer not to say,Two or more,1.0,True,
E00772,2024-05-01,D002,E00659,M2,Male,Other,0.8,True,
E00773,2018-01-12,D004,E00049,IC2,Male,Two or more,1.0,True,
E00774,2022-08-10,D005,E00319,Director,Prefer not to say,Hispanic,1.0,False,2022-02-27
E00775,2023-06-07,D001,E00560,IC2,Male,Asian,1.0,False,2024-04-25
E00776,2024-02-08,D002,E00793,IC1,Female,Hispanic,1.0,False,2023-01-15
E00777,2020-09-20,D003,E00683,IC3,Male,Other,1.0,True,
E00778,2018-10-05,D004,E00110,M2,Female,Other,1.0,False,2024-10-28
E00779,2019-09-28,D001,E00791,IC1,Female,Hispanic,1.0,True,
E00780,2023-06-17,D004,E00523,IC1,Male,Black,0.5,True,
E00781,2023-08-20,D002,E00144,Director,Male,Hispanic,1.0,True,
E00782,2022-02-02,D002,E00359,M1,Female,Other,1.0,True,
E00783,2018-10-15,D003,E00735,IC3,Male,Asian,1.0,False,2024-10-02
E00784,2018-10-13,D003,E00315,M2,Female,Black,1.0,True,
E00785,2021-01-25,D004,E00147,Director,Female,Black,1.0,False,2022-05-29
E00786,2021-10-10,D002,E00701,IC3,Female,Other,1.0,True,
E00787,2018-03-17,D005,E00763,M1,Male,Hispanic,1.0,False,2024-11-26
E00788,2022-05-28,D001,E00781,IC1,Male,Asian,1.0,True,
E00789,2021-06-30,D005,E00765,IC2,Female,Black,1.0,True,
E00790,2018-01-29,D001,E00699,M1,Female,Asian,1.0,True,
E00791,2018-08-13,D004,,IC2,Female,Hispanic,1.0,True,
E00792,2020-11-30,D002,E00154,Director,Female,Two or more,1.0,True,
E00793,2022-08-21,D002,E00494,Director,Male,White,1.0,False,2022-06-12
E00794,2023-04-19,D001,,IC2,Male,Two or more,1.0,True,
E00795,2020-10-07,D004,E00379,IC3,Male,Other,1.0,True,
E00796,2019-11-24,D001,E00525,IC2,Female,Two or more,1.0,True,
E00797,2024-03-19,D004,E00758,M1,Male,Black,1.0,True,
E00798,2020-12-10,D004,E00232,IC1,Female,Two or more,1.0,True,
E00799,2020-01-10,D005,E00202,IC3,Female,Black,1.0,True,
E00800,2020-11-02,D004,E00588,M1,Male,Hispanic,1.0,True,
