event_id,employee_id,event_type,event_date
EV-H-E00001,E00001,HIRE,2018-07-29
EV-H-E00002,E00002,HIRE,2022-12-20
EV-H-E00003,E00003,HIRE,2022-03-15
EV-T-E00003,E00003,TERMINATION,2025-02-21
EV-H-E00004,E00004,HIRE,2020-10-25
EV-H-E00005,E00005,HIRE,2020-10-11
EV-H-E00006,E00006,HIRE,2023-07-06
EV-H-E00007,E00007,HIRE,2018-07-21
EV-H-E00008,E00008,HIRE,2022-06-23
EV-H-E00009,E00009,HIRE,2019-04-18
EV-H-E00010,E00010,HIRE,2018-08-09
EV-T-E00010,E00010,TERMINATION,2022-10-25
EV-H-E00011,E00011,HIRE,2021-05-19
EV-H-E00012,E00012,HIRE,2024-04-05
EV-T-E00012,E00012,TERMINATION,2024-03-12
EV-H-E00013,E00013,HIRE,2022-09-21
EV-H-E00014,E00014,HIRE,2022-11-20
EV-T-E00014,E00014,TERMINATION,2022-07-19
EV-H-E00015,E00015,HIRE,2022-08-09
EV-H-E00016,E00016,HIRE,2023-01-17
EV-H-E00017,E00017,HIRE,2021-04-18
EV-H-E00018,E00018,HIRE,2018-10-28
EV-T-E00018,E00018,TERMINATION,2024-08-22
EV-H-E00019,E00019,HIRE,2023-05-23
EV-T-E00019,E00019,TERMINATION,2022-07-16
EV-H-E00020,E00020,HIRE,2020-11-21
EV-H-E00021,E00021,HIRE,2021-03-18
EV-H-E00022,E00022,HIRE,2020-05-19
EV-H-E00023,E00023,HIRE,2019-03-04
EV-H-E00024,E00024,HIRE,2023-12-13
EV-H-E00025,E00025,HIRE,2023-01-06
EV-H-E00026,E00026,HIRE,2022-02-18
EV-H-E00027,E00027,HIRE,2020-08-01
EV-H-E00028,E00028,HIRE,2023-04-13
EV-T-E00028,E00028,TERMINATION,2022-12-11
EV-H-E00029,E00029,HIRE,2021-07-02
EV-H-E00030,E00030,HIRE,2020-11-05
EV-T-E00030,E00030,TERMINATION,2023-06-15
EV-H-E00031,E00031,HIRE,2020-11-21
EV-H-E00032,E00032,HIRE,2019-06-17
EV-H-E00033,E00033,HIRE,2018-08-04
EV-H-E00034,E00034,HIRE,2021-07-23
EV-H-E00035,E00035,HIRE,2023-09-13
EV-H-E00036,E00036,HIRE,2018-05-30
EV-H-E00037,E00037,HIRE,2023-07-05
EV-H-E00038,E00038,HIRE,2023-04-24
EV-H-E00039,E00039,HIRE,2019-10-11
EV-H-E00040,E00040,HIRE,2022-01-20
EV-H-E00041,E00041,HIRE,2019-01-23
EV-T-E00041,E00041,TERMINATION,2023-03-05
EV-H-E00042,E00042,HIRE,2022-11-12
EV-H-E00043,E00043,HIRE,2022-07-01
EV-H-E00044,E00044,HIRE,2020-04-11
EV-H-E00045,E00045,HIRE,2018-06-09
EV-T-E00045,E00045,TERMINATION,2022-07-16
EV-H-E00046,E00046,HIRE,2024-03-25
EV-H-E00047,E00047,HIRE,2020-11-10
EV-H-E00048,E00048,HIRE,2023-09-25
EV-H-E00049,E00049,HIRE,2022-05-09
EV-H-E00050,E00050,HIRE,2022-12-30
EV-T-E00050,E00050,TERMINATION,2024-01-11
EV-H-E00051,E00051,HIRE,2022-11-17
EV-H-E00052,E00052,HIRE,2019-04-02
EV-H-E00053,E00053,HIRE,2020-05-02
EV-H-E00054,E00054,HIRE,2020-12-29
EV-H-E00055,E00055,HIRE,2021-03-12
EV-H-E00056,E00056,HIRE,2018-04-13
EV-H-E00057,E00057,HIRE,2021-07-05
EV-T-E00057,E00057,TERMINATION,2022-01-23
EV-H-E00058,E00058,HIRE,2018-12-28
EV-H-E00059,E00059,HIRE,2022-10-09
EV-T-E00059,E00059,TERMINATION,2025-02-10
EV-H-E00060,E00060,HIRE,2022-05-21
EV-H-E00061,E00061,HIRE,2023-12-03
EV-H-E00062,E00062,HIRE,2022-10-12
EV-H-E00063,E00063,HIRE,2020-05-09
EV-H-E00064,E00064,HIRE,2024-03-17
EV-H-E00065,E00065,HIRE,2020-08-21
EV-T-E00065,E00065,TERMINATION,2022-03-02
EV-H-E00066,E00066,HIRE,2020-02-03
EV-T-E00066,E00066,TERMINATION,2023-01-21
EV-H-E00067,E00067,HIRE,2023-10-24
EV-T-E00067,E00067,TERMINATION,2024-12-10
EV-H-E00068,E00068,HIRE,2020-05-18
EV-H-E00069,E00069,HIRE,2018-06-28
EV-H-E00070,E00070,HIRE,2021-01-05
EV-H-E00071,E00071,HIRE,2023-02-09
EV-H-E00072,E00072,HIRE,2019-03-21
EV-H-E00073,E00073,HIRE,2020-12-21
EV-H-E00074,E00074,HIRE,2018-11-01
EV-T-E00074,E00074,TERMINATION,2022-06-29
EV-H-E00075,E00075,HIRE,2022-05-29
EV-H-E00076,E00076,HIRE,2021-01-20
EV-H-E00077,E00077,HIRE,2020-02-13
EV-H-E00078,E00078,HIRE,2019-06-16
EV-H-E00079,E00079,HIRE,2021-08-16
EV-H-E00080,E00080,HIRE,2022-04-20
EV-H-E00081,E00081,HIRE,2024-01-14
EV-H-E00082,E00082,HIRE,2020-10-21
EV-H-E00083,E00083,HIRE,2019-01-12
EV-H-E00084,E00084,HIRE,2023-05-06
EV-H-E00085,E00085,HIRE,2022-01-16
EV-H-E00086,E00086,HIRE,2022-06-30
EV-H-E00087,E00087,HIRE,2018-08-16
EV-H-E00088,E00088,HIRE,2020-01-03
EV-T-E00088,E00088,TERMINATION,2022-03-26
EV-H-E00089,E00089,HIRE,2022-12-05
EV-H-E00090,E00090,HIRE,2023-05-05
EV-H-E00091,E00091,HIRE,2020-10-17
EV-H-E00092,E00092,HIRE,2023-03-02
EV-H-E00093,E00093,HIRE,2023-05-27
EV-H-E00094,E00094,HIRE,2020-06-27
EV-T-E00094,E00094,TERMINATION,2024-05-09
EV-H-E00095,E00095,HIRE,2023-10-07
EV-H-E00096,E00096,HIRE,2019-11-07
EV-H-E00097,E00097,HIRE,2019-07-16
EV-H-E00098,E00098,HIRE,2022-05-19
EV-H-E00099,E00099,HIRE,2022-02-01
EV-H-E00100,E00100,HIRE,2018-11-24
EV-H-E00101,E00101,HIRE,2023-05-06
EV-T-E00101,E00101,TERMINATION,2022-03-26
EV-H-E00102,E00102,HIRE,2019-04-14
EV-H-E00103,E00103,HIRE,2023-03-02
EV-H-E00104,E00104,HIRE,2018-01-18
EV-H-E00105,E00105,HIRE,2023-02-11
EV-T-E00105,E00105,TERMINATION,2024-11-05
EV-H-E00106,E00106,HIRE,2023-01-19
EV-H-E00107,E00107,HIRE,2023-01-04
EV-H-E00108,E00108,HIRE,2022-04-08
EV-H-E00109,E00109,HIRE,2021-01-10
EV-H-E00110,E00110,HIRE,2022-07-11
EV-H-E00111,E00111,HIRE,2019-10-12
EV-H-E00112,E00112,HIRE,2023-01-05
EV-H-E00113,E00113,HIRE,2021-07-26
EV-H-E00114,E00114,HIRE,2020-12-11
EV-T-E00114,E00114,TERMINATION,2023-06-06
EV-H-E00115,E00115,HIRE,2021-03-31
EV-T-E00115,E00115,TERMINATION,2024-10-01
EV-H-E00116,E00116,HIRE,2021-08-26
EV-H-E00117,E00117,HIRE,2018-03-29
EV-H-E00118,E00118,HIRE,2018-11-24
EV-H-E00119,E00119,HIRE,2019-07-30
EV-H-E00120,E00120,HIRE,2018-09-26
EV-H-E00121,E00121,HIRE,2020-10-27
EV-T-E00121,E00121,TERMINATION,2022-10-11
EV-H-E00122,E00122,HIRE,2022-04-16
EV-H-E00123,E00123,HIRE,2022-03-14
EV-H-E00124,E00124,HIRE,2021-01-09
EV-H-E00125,E00125,HIRE,2023-06-28
EV-H-E00126,E00126,HIRE,2021-08-17
EV-H-E00127,E00127,HIRE,2018-07-05
EV-H-E00128,E00128,HIRE,2022-11-29
EV-H-E00129,E00129,HIRE,2021-09-08
EV-H-E00130,E00130,HIRE,2022-01-27
EV-H-E00131,E00131,HIRE,2021-08-18
EV-H-E00132,E00132,HIRE,2021-07-21
EV-H-E00133,E00133,HIRE,2018-08-01
EV-H-E00134,E00134,HIRE,2021-08-03
EV-H-E00135,E00135,HIRE,2023-02-07
EV-H-E00136,E00136,HIRE,2019-12-14
EV-T-E00136,E00136,TERMINATION,2022-06-13
EV-H-E00137,E00137,HIRE,2021-11-14
EV-H-E00138,E00138,HIRE,2018-03-14
EV-H-E00139,E00139,HIRE,2020-03-25
EV-T-E00139,E00139,TERMINATION,2025-01-17
EV-H-E00140,E00140,HIRE,2020-10-20
EV-H-E00141,E00141,HIRE,2024-04-22
EV-T-E00141,E00141,TERMINATION,2024-05-31
EV-H-E00142,E00142,HIRE,2019-05-18
EV-T-E00142,E00142,TERMINATION,2024-11-19
EV-H-E00143,E00143,HIRE,2019-10-11
EV-H-E00144,E00144,HIRE,2020-08-15
EV-H-E00145,E00145,HIRE,2024-05-15
EV-H-E00146,E00146,HIRE,2023-06-24
EV-H-E00147,E00147,HIRE,2018-03-23
EV-H-E00148,E00148,HIRE,2019-07-03
EV-H-E00149,E00149,HIRE,2023-04-11
EV-H-E00150,E00150,HIRE,2018-05-17
EV-H-E00151,E00151,HIRE,2023-06-29
EV-T-E00151,E00151,TERMINATION,2023-01-05
EV-H-E00152,E00152,HIRE,2019-10-22
EV-H-E00153,E00153,HIRE,2023-11-21
EV-T-E00153,E00153,TERMINATION,2023-04-13
EV-H-E00154,E00154,HIRE,2019-11-20
EV-H-E00155,E00155,HIRE,2020-10-15
EV-H-E00156,E00156,HIRE,2022-04-01
EV-H-E00157,E00157,HIRE,2018-10-24
EV-H-E00158,E00158,HIRE,2021-07-29
EV-H-E00159,E00159,HIRE,2021-03-29
EV-T-E00159,E00159,TERMINATION,2023-10-30
EV-H-E00160,E00160,HIRE,2023-01-12
EV-H-E00161,E00161,HIRE,2024-05-23
EV-H-E00162,E00162,HIRE,2022-04-07
EV-H-E00163,E00163,HIRE,2020-08-17
EV-H-E00164,E00164,HIRE,2020-08-10
EV-H-E00165,E00165,HIRE,2020-09-06
EV-T-E00165,E00165,TERMINATION,2023-06-03
EV-H-E00166,E00166,HIRE,2023-03-24
EV-H-E00167,E00167,HIRE,2020-01-23
EV-H-E00168,E00168,HIRE,2019-01-27
EV-T-E00168,E00168,TERMINATION,2022-10-08
EV-H-E00169,E00169,HIRE,2020-02-23
EV-H-E00170,E00170,HIRE,2018-02-23
EV-H-E00171,E00171,HIRE,2018-09-06
EV-H-E00172,E00172,HIRE,2018-07-31
EV-H-E00173,E00173,HIRE,2022-12-14
EV-T-E00173,E00173,TERMINATION,2023-03-10
EV-H-E00174,E00174,HIRE,2022-08-21
EV-H-E00175,E00175,HIRE,2022-06-22
EV-H-E00176,E00176,HIRE,2020-12-18
EV-H-E00177,E00177,HIRE,2022-08-08
EV-H-E00178,E00178,HIRE,2019-01-14
EV-T-E00178,E00178,TERMINATION,2023-12-05
EV-H-E00179,E00179,HIRE,2023-10-13
EV-H-E00180,E00180,HIRE,2021-03-20
EV-T-E00180,E00180,TERMINATION,2022-02-13
EV-H-E00181,E00181,HIRE,2024-01-08
EV-H-E00182,E00182,HIRE,2018-12-24
EV-H-E00183,E00183,HIRE,2021-03-11
EV-H-E00184,E00184,HIRE,2022-06-21
EV-H-E00185,E00185,HIRE,2021-03-07
EV-H-E00186,E00186,HIRE,2020-11-11
EV-H-E00187,E00187,HIRE,2019-01-25
EV-H-E00188,E00188,HIRE,2020-06-12
EV-H-E00189,E00189,HIRE,2019-07-14
EV-H-E00190,E00190,HIRE,2019-12-08
EV-H-E00191,E00191,HIRE,2022-05-22
EV-H-E00192,E00192,HIRE,2022-01-17
EV-H-E00193,E00193,HIRE,2021-11-24
EV-H-E00194,E00194,HIRE,2020-04-28
EV-H-E00195,E00195,HIRE,2024-02-28
EV-H-E00196,E00196,HIRE,2018-07-25
EV-H-E00197,E00197,HIRE,2020-03-14
EV-H-E00198,E00198,HIRE,2018-10-04
EV-H-E00199,E00199,HIRE,2020-03-05
EV-H-E00200,E00200,HIRE,2024-03-04
EV-H-E00201,E00201,HIRE,2020-05-08
EV-H-E00202,E00202,HIRE,2023-10-31
EV-H-E00203,E00203,HIRE,2021-03-06
EV-H-E00204,E00204,HIRE,2022-06-29
EV-H-E00205,E00205,HIRE,2020-12-08
EV-H-E00206,E00206,HIRE,2019-09-16
EV-H-E00207,E00207,HIRE,2022-11-27
EV-H-E00208,E00208,HIRE,2024-03-21
EV-H-E00209,E00209,HIRE,2019-09-10
EV-T-E00209,E00209,TERMINATION,2023-01-24
EV-H-E00210,E00210,HIRE,2022-12-31
EV-H-E00211,E00211,HIRE,2019-09-05
EV-H-E00212,E00212,HIRE,2022-08-08
EV-H-E00213,E00213,HIRE,2023-01-24
EV-H-E00214,E00214,HIRE,2020-11-19
EV-H-E00215,E00215,HIRE,2022-09-24
EV-H-E00216,E00216,HIRE,2019-10-01
EV-H-E00217,E00217,HIRE,2018-07-05
EV-T-E00217,E00217,TERMINATION,2022-12-05
EV-H-E00218,E00218,HIRE,2018-08-14
EV-H-E00219,E00219,HIRE,2020-11-13
EV-H-E00220,E00220,HIRE,2023-10-17
EV-H-E00221,E00221,HIRE,2018-10-27
EV-H-E00222,E00222,HIRE,2020-12-04
EV-H-E00223,E00223,HIRE,2022-07-09
EV-H-E00224,E00224,HIRE,2019-04-20
EV-H-E00225,E00225,HIRE,2022-08-19
EV-T-E00225,E00225,TERMINATION,2022-03-23
EV-H-E00226,E00226,HIRE,2019-12-19
EV-H-E00227,E00227,HIRE,2023-03-11
EV-H-E00228,E00228,HIRE,2021-09-19
EV-H-E00229,E00229,HIRE,2021-07-05
EV-H-E00230,E00230,HIRE,2019-02-19
EV-H-E00231,E00231,HIRE,2020-12-21
EV-H-E00232,E00232,HIRE,2023-07-01
EV-H-E00233,E00233,HIRE,2018-02-15
EV-H-E00234,E00234,HIRE,2022-11-13
EV-H-E00235,E00235,HIRE,2021-03-01
EV-H-E00236,E00236,HIRE,2022-08-14
EV-T-E00236,E00236,TERMINATION,2022-05-22
EV-H-E00237,E00237,HIRE,2022-04-04
EV-H-E00238,E00238,HIRE,2020-10-09
EV-H-E00239,E00239,HIRE,2019-12-25
EV-T-E00239,E00239,TERMINATION,2023-07-28
EV-H-E00240,E00240,HIRE,2022-01-10
EV-H-E00241,E00241,HIRE,2018-11-25
EV-H-E00242,E00242,HIRE,2021-10-01
EV-T-E00242,E00242,TERMINATION,2022-04-29
EV-H-E00243,E00243,HIRE,2018-08-10
EV-H-E00244,E00244,HIRE,2022-03-04
EV-T-E00244,E00244,TERMINATION,2023-02-03
EV-H-E00245,E00245,HIRE,2022-01-13
EV-H-E00246,E00246,HIRE,2018-07-17
EV-H-E00247,E00247,HIRE,2022-11-11
EV-H-E00248,E00248,HIRE,2020-09-01
EV-H-E00249,E00249,HIRE,2023-01-19
EV-H-E00250,E00250,HIRE,2018-04-08
EV-H-E00251,E00251,HIRE,2019-02-25
EV-H-E00252,E00252,HIRE,2021-03-03
EV-H-E00253,E00253,HIRE,2019-03-18
EV-T-E00253,E00253,TERMINATION,2023-10-11
EV-H-E00254,E00254,HIRE,2020-02-13
EV-T-E00254,E00254,TERMINATION,2024-10-07
EV-H-E00255,E00255,HIRE,2022-03-29
EV-H-E00256,E00256,HIRE,2018-12-05
EV-H-E00257,E00257,HIRE,2022-05-08
EV-H-E00258,E00258,HIRE,2018-08-31
EV-T-E00258,E00258,TERMINATION,2022-04-25
EV-H-E00259,E00259,HIRE,2019-02-15
EV-H-E00260,E00260,HIRE,2021-10-09
EV-T-E00260,E00260,TERMINATION,2023-05-18
EV-H-E00261,E00261,HIRE,2023-02-03
EV-H-E00262,E00262,HIRE,2019-02-04
EV-H-E00263,E00263,HIRE,2019-12-05
EV-H-E00264,E00264,HIRE,2023-12-09
EV-T-E00264,E00264,TERMINATION,2022-04-29
EV-H-E00265,E00265,HIRE,2024-05-08
EV-H-E00266,E00266,HIRE,2021-09-24
EV-H-E00267,E00267,HIRE,2020-11-13
EV-H-E00268,E00268,HIRE,2020-03-24
EV-H-E00269,E00269,HIRE,2021-12-06
EV-H-E00270,E00270,HIRE,2021-10-17
EV-H-E00271,E00271,HIRE,2019-11-22
EV-T-E00271,E00271,TERMINATION,2023-05-11
EV-H-E00272,E00272,HIRE,2018-02-23
EV-H-E00273,E00273,HIRE,2018-12-22
EV-T-E00273,E00273,TERMINATION,2023-07-10
EV-H-E00274,E00274,HIRE,2024-02-25
EV-H-E00275,E00275,HIRE,2020-09-07
EV-H-E00276,E00276,HIRE,2021-02-04
EV-T-E00276,E00276,TERMINATION,2024-07-12
EV-H-E00277,E00277,HIRE,2020-12-30
EV-T-E00277,E00277,TERMINATION,2023-05-27
EV-H-E00278,E00278,HIRE,2023-01-09
EV-T-E00278,E00278,TERMINATION,2024-12-17
EV-H-E00279,E00279,HIRE,2018-06-02
EV-T-E00279,E00279,TERMINATION,2022-06-09
EV-H-E00280,E00280,HIRE,2018-07-13
EV-H-E00281,E00281,HIRE,2019-10-09
EV-H-E00282,E00282,HIRE,2021-02-14
EV-T-E00282,E00282,TERMINATION,2022-03-03
EV-H-E00283,E00283,HIRE,2022-04-23
EV-H-E00284,E00284,HIRE,2021-02-24
EV-H-E00285,E00285,HIRE,2020-10-31
EV-H-E00286,E00286,HIRE,2024-01-08
EV-H-E00287,E00287,HIRE,2019-01-13
EV-H-E00288,E00288,HIRE,2021-09-02
EV-H-E00289,E00289,HIRE,2021-06-25
EV-H-E00290,E00290,HIRE,2021-01-14
EV-H-E00291,E00291,HIRE,2023-03-09
EV-H-E00292,E00292,HIRE,2019-09-18
EV-H-E00293,E00293,HIRE,2024-02-14
EV-H-E00294,E00294,HIRE,2020-02-17
EV-H-E00295,E00295,HIRE,2021-07-01
EV-H-E00296,E00296,HIRE,2021-05-05
EV-H-E00297,E00297,HIRE,2023-06-15
EV-H-E00298,E00298,HIRE,2020-10-25
EV-H-E00299,E00299,HIRE,2019-10-30
EV-H-E00300,E00300,HIRE,2018-02-20
EV-H-E00301,E00301,HIRE,2020-05-02
EV-H-E00302,E00302,HIRE,2023-04-21
EV-H-E00303,E00303,HIRE,2018-01-24
EV-H-E00304,E00304,HIRE,2023-10-02
EV-H-E00305,E00305,HIRE,2021-06-26
EV-T-E00305,E00305,TERMINATION,2022-01-06
EV-H-E00306,E00306,HIRE,2018-11-25
EV-H-E00307,E00307,HIRE,2019-12-10
EV-T-E00307,E00307,TERMINATION,2023-02-17
EV-H-E00308,E00308,HIRE,2021-07-22
EV-H-E00309,E00309,HIRE,2020-01-10
EV-T-E00309,E00309,TERMINATION,2022-08-12
EV-H-E00310,E00310,HIRE,2018-09-12
EV-H-E00311,E00311,HIRE,2022-04-11
EV-H-E00312,E00312,HIRE,2022-04-25
EV-H-E00313,E00313,HIRE,2018-10-06
EV-H-E00314,E00314,HIRE,2019-10-22
EV-H-E00315,E00315,HIRE,2019-07-26
EV-H-E00316,E00316,HIRE,2022-03-26
EV-H-E00317,E00317,HIRE,2022-09-08
EV-H-E00318,E00318,HIRE,2022-09-01
EV-H-E00319,E00319,HIRE,2024-01-10
EV-H-E00320,E00320,HIRE,2022-12-07
EV-T-E00320,E00320,TERMINATION,2022-04-16
EV-H-E00321,E00321,HIRE,2020-01-22
EV-H-E00322,E00322,HIRE,2018-09-10
EV-H-E00323,E00323,HIRE,2021-12-11
EV-H-E00324,E00324,HIRE,2023-11-18
EV-H-E00325,E00325,HIRE,2024-04-04
EV-T-E00325,E00325,TERMINATION,2022-09-30
EV-H-E00326,E00326,HIRE,2019-06-24
EV-H-E00327,E00327,HIRE,2019-07-09
EV-H-E00328,E00328,HIRE,2018-03-29
EV-H-E00329,E00329,HIRE,2018-11-28
EV-H-E00330,E00330,HIRE,2021-07-24
EV-H-E00331,E00331,HIRE,2021-07-05
EV-H-E00332,E00332,HIRE,2020-05-19
EV-H-E00333,E00333,HIRE,2019-12-28
EV-H-E00334,E00334,HIRE,2023-04-30
EV-H-E00335,E00335,HIRE,2020-12-14
EV-H-E00336,E00336,HIRE,2023-03-10
EV-H-E00337,E00337,HIRE,2024-03-07
EV-H-E00338,E00338,HIRE,2020-01-14
EV-T-E00338,E00338,TERMINATION,2025-02-01
EV-H-E00339,E00339,HIRE,2019-04-21
EV-T-E00339,E00339,TERMINATION,2024-07-14
EV-H-E00340,E00340,HIRE,2024-02-12
EV-H-E00341,E00341,HIRE,2022-01-28
EV-H-E00342,E00342,HIRE,2019-11-13
EV-H-E00343,E00343,HIRE,2021-12-28
EV-H-E00344,E00344,HIRE,2021-04-22
EV-H-E00345,E00345,HIRE,2023-10-24
EV-T-E00345,E00345,TERMINATION,2022-01-22
EV-H-E00346,E00346,HIRE,2019-08-23
EV-T-E00346,E00346,TERMINATION,2024-11-24
EV-H-E00347,E00347,HIRE,2024-05-12
EV-H-E00348,E00348,HIRE,2024-01-04
EV-H-E00349,E00349,HIRE,2019-02-28
EV-H-E00350,E00350,HIRE,2019-01-21
EV-T-E00350,E00350,TERMINATION,2022-08-26
EV-H-E00351,E00351,HIRE,2021-06-03
EV-H-E00352,E00352,HIRE,2018-04-16
EV-H-E00353,E00353,HIRE,2019-12-02
EV-H-E00354,E00354,HIRE,2020-10-16
EV-H-E00355,E00355,HIRE,2024-03-22
EV-H-E00356,E00356,HIRE,2024-05-15
EV-H-E00357,E00357,HIRE,2018-12-22
EV-H-E00358,E00358,HIRE,2023-09-22
EV-H-E00359,E00359,HIRE,2018-08-02
EV-T-E00359,E00359,TERMINATION,2023-04-15
EV-H-E00360,E00360,HIRE,2022-10-21
EV-H-E00361,E00361,HIRE,2023-06-06
EV-H-E00362,E00362,HIRE,2023-09-20
EV-H-E00363,E00363,HIRE,2019-06-08
EV-H-E00364,E00364,HIRE,2023-09-26
EV-H-E00365,E00365,HIRE,2018-09-29
EV-H-E00366,E00366,HIRE,2021-05-01
EV-H-E00367,E00367,HIRE,2021-01-05
EV-H-E00368,E00368,HIRE,2020-01-11
EV-H-E00369,E00369,HIRE,2018-02-21
EV-H-E00370,E00370,HIRE,2022-12-15
EV-H-E00371,E00371,HIRE,2020-02-26
EV-H-E00372,E00372,HIRE,2022-03-31
EV-H-E00373,E00373,HIRE,2020-08-19
EV-T-E00373,E00373,TERMINATION,2023-01-14
EV-H-E00374,E00374,HIRE,2020-05-25
EV-H-E00375,E00375,HIRE,2023-09-09
EV-T-E00375,E00375,TERMINATION,2023-04-14
EV-H-E00376,E00376,HIRE,2018-08-10
EV-T-E00376,E00376,TERMINATION,2024-05-29
EV-H-E00377,E00377,HIRE,2022-09-23
EV-H-E00378,E00378,HIRE,2022-10-17
EV-T-E00378,E00378,TERMINATION,2024-04-03
EV-H-E00379,E00379,HIRE,2020-06-09
EV-H-E00380,E00380,HIRE,2019-09-08
EV-H-E00381,E00381,HIRE,2018-01-13
EV-H-E00382,E00382,HIRE,2024-01-05
EV-H-E00383,E00383,HIRE,2024-01-31
EV-H-E00384,E00384,HIRE,2019-07-19
EV-H-E00385,E00385,HIRE,2018-03-16
EV-H-E00386,E00386,HIRE,2018-10-15
EV-H-E00387,E00387,HIRE,2018-06-08
EV-H-E00388,E00388,HIRE,2023-05-03
EV-H-E00389,E00389,HIRE,2023-09-22
EV-T-E00389,E00389,TERMINATION,2023-11-18
EV-H-E00390,E00390,HIRE,2018-12-26
EV-H-E00391,E00391,HIRE,2022-10-17
EV-H-E00392,E00392,HIRE,2019-02-25
EV-T-E00392,E00392,TERMINATION,2023-12-26
EV-H-E00393,E00393,HIRE,2020-05-10
EV-H-E00394,E00394,HIRE,2021-11-05
EV-H-E00395,E00395,HIRE,2022-08-15
EV-H-E00396,E00396,HIRE,2023-08-12
EV-H-E00397,E00397,HIRE,2018-04-15
EV-H-E00398,E00398,HIRE,2019-04-06
EV-H-E00399,E00399,HIRE,2019-10-20
EV-H-E00400,E00400,HIRE,2019-12-29
EV-H-E00401,E00401,HIRE,2024-05-28
EV-H-E00402,E00402,HIRE,2022-12-28
EV-H-E00403,E00403,HIRE,2020-01-22
EV-T-E00403,E00403,TERMINATION,2024-04-21
EV-H-E00404,E00404,HIRE,2024-03-27
EV-H-E00405,E00405,HIRE,2021-03-16
EV-H-E00406,E00406,HIRE,2021-03-19
EV-H-E00407,E00407,HIRE,2020-10-13
EV-H-E00408,E00408,HIRE,2018-12-04
EV-H-E00409,E00409,HIRE,2023-12-31
EV-H-E00410,E00410,HIRE,2018-02-02
EV-H-E00411,E00411,HIRE,2019-02-13
EV-H-E00412,E00412,HIRE,2019-06-23
EV-H-E00413,E00413,HIRE,2019-10-17
EV-H-E00414,E00414,HIRE,2018-11-05
EV-H-E00415,E00415,HIRE,2018-02-12
EV-H-E00416,E00416,HIRE,2022-05-08
EV-T-E00416,E00416,TERMINATION,2022-08-01
EV-H-E00417,E00417,HIRE,2024-03-22
EV-H-E00418,E00418,HIRE,2018-10-13
EV-H-E00419,E00419,HIRE,2019-11-27
EV-H-E00420,E00420,HIRE,2021-04-01
EV-H-E00421,E00421,HIRE,2023-12-15
EV-H-E00422,E00422,HIRE,2022-06-16
EV-H-E00423,E00423,HIRE,2022-12-01
EV-H-E00424,E00424,HIRE,2021-09-24
EV-H-E00425,E00425,HIRE,2020-09-04
EV-H-E00426,E00426,HIRE,2019-04-14
EV-H-E00427,E00427,HIRE,2023-07-19
EV-T-E00427,E00427,TERMINATION,2023-04-03
EV-H-E00428,E00428,HIRE,2023-02-28
EV-H-E00429,E00429,HIRE,2018-02-28
EV-H-E00430,E00430,HIRE,2022-08-04
EV-H-E00431,E00431,HIRE,2018-07-17
EV-H-E00432,E00432,HIRE,2022-09-29
EV-H-E00433,E00433,HIRE,2023-04-21
EV-H-E00434,E00434,HIRE,2018-11-04
EV-H-E00435,E00435,HIRE,2020-10-13
EV-H-E00436,E00436,HIRE,2018-10-18
EV-H-E00437,E00437,HIRE,2021-08-22
EV-T-E00437,E00437,TERMINATION,2022-05-05
EV-H-E00438,E00438,HIRE,2023-12-15
EV-T-E00438,E00438,TERMINATION,2024-03-25
EV-H-E00439,E00439,HIRE,2018-07-09
EV-T-E00439,E00439,TERMINATION,2023-05-21
EV-H-E00440,E00440,HIRE,2020-07-20
EV-T-E00440,E00440,TERMINATION,2024-01-07
EV-H-E00441,E00441,HIRE,2024-03-30
EV-H-E00442,E00442,HIRE,2019-12-07
EV-H-E00443,E00443,HIRE,2018-11-06
EV-H-E00444,E00444,HIRE,2021-02-19
EV-H-E00445,E00445,HIRE,2021-04-06
EV-H-E00446,E00446,HIRE,2022-04-03
EV-H-E00447,E00447,HIRE,2020-01-06
EV-T-E00447,E00447,TERMINATION,2023-10-15
EV-H-E00448,E00448,HIRE,2024-02-18
EV-H-E00449,E00449,HIRE,2021-05-06
EV-T-E00449,E00449,TERMINATION,2022-11-13
EV-H-E00450,E00450,HIRE,2019-11-03
EV-H-E00451,E00451,HIRE,2024-02-29
EV-H-E00452,E00452,HIRE,2023-12-08
EV-H-E00453,E00453,HIRE,2021-03-16
EV-H-E00454,E00454,HIRE,2018-02-28
EV-T-E00454,E00454,TERMINATION,2022-06-10
EV-H-E00455,E00455,HIRE,2021-10-31
EV-T-E00455,E00455,TERMINATION,2025-01-29
EV-H-E00456,E00456,HIRE,2021-07-25
EV-H-E00457,E00457,HIRE,2018-12-14
EV-H-E00458,E00458,HIRE,2022-01-26
EV-H-E00459,E00459,HIRE,2023-05-25
EV-T-E00459,E00459,TERMINATION,2022-12-06
EV-H-E00460,E00460,HIRE,2018-09-06
EV-H-E00461,E00461,HIRE,2022-08-23
EV-H-E00462,E00462,HIRE,2018-11-25
EV-H-E00463,E00463,HIRE,2022-10-22
EV-H-E00464,E00464,HIRE,2020-09-09
EV-H-E00465,E00465,HIRE,2018-01-16
EV-H-E00466,E00466,HIRE,2024-03-14
EV-T-E00466,E00466,TERMINATION,2022-05-07
EV-H-E00467,E00467,HIRE,2019-01-25
EV-H-E00468,E00468,HIRE,2021-10-29
EV-H-E00469,E00469,HIRE,2019-03-02
EV-H-E00470,E00470,HIRE,2023-12-28
EV-H-E00471,E00471,HIRE,2022-09-27
EV-H-E00472,E00472,HIRE,2023-03-01
EV-H-E00473,E00473,HIRE,2020-10-09
EV-H-E00474,E00474,HIRE,2020-12-31
EV-H-E00475,E00475,HIRE,2022-01-26
EV-H-E00476,E00476,HIRE,2023-01-14
EV-H-E00477,E00477,HIRE,2023-06-09
EV-H-E00478,E00478,HIRE,2018-02-11
EV-H-E00479,E00479,HIRE,2022-04-05
EV-H-E00480,E00480,HIRE,2018-09-13
EV-H-E00481,E00481,HIRE,2019-11-06
EV-T-E00481,E00481,TERMINATION,2022-12-20
EV-H-E00482,E00482,HIRE,2023-04-29
EV-H-E00483,E00483,HIRE,2019-08-11
EV-H-E00484,E00484,HIRE,2023-02-11
EV-H-E00485,E00485,HIRE,2020-12-21
EV-H-E00486,E00486,HIRE,2019-06-30
EV-H-E00487,E00487,HIRE,2020-02-23
EV-T-E00487,E00487,TERMINATION,2024-11-09
EV-H-E00488,E00488,HIRE,2021-05-29
EV-H-E00489,E00489,HIRE,2022-11-29
EV-H-E00490,E00490,HIRE,2021-11-21
EV-H-E00491,E00491,HIRE,2023-12-28
EV-H-E00492,E00492,HIRE,2023-07-27
EV-H-E00493,E00493,HIRE,2022-11-01
EV-H-E00494,E00494,HIRE,2021-11-14
EV-H-E00495,E00495,HIRE,2019-11-11
EV-H-E00496,E00496,HIRE,2020-08-25
EV-H-E00497,E00497,HIRE,2018-10-06
EV-H-E00498,E00498,HIRE,2020-05-27
EV-H-E00499,E00499,HIRE,2023-12-12
EV-H-E00500,E00500,HIRE,2020-09-25
EV-H-E00501,E00501,HIRE,2018-09-24
EV-H-E00502,E00502,HIRE,2022-03-09
EV-H-E00503,E00503,HIRE,2024-03-06
EV-T-E00503,E00503,TERMINATION,2022-10-30
EV-H-E00504,E00504,HIRE,2023-07-27
EV-H-E00505,E00505,HIRE,2019-10-05
EV-H-E00506,E00506,HIRE,2020-11-29
EV-H-E00507,E00507,HIRE,2021-05-29
EV-H-E00508,E00508,HIRE,2019-08-04
EV-T-E00508,E00508,TERMINATION,2025-02-14
EV-H-E00509,E00509,HIRE,2019-09-22
EV-H-E00510,E00510,HIRE,2019-07-09
EV-H-E00511,E00511,HIRE,2024-05-20
EV-T-E00511,E00511,TERMINATION,2023-06-17
EV-H-E00512,E00512,HIRE,2022-10-15
EV-H-E00513,E00513,HIRE,2023-05-25
EV-H-E00514,E00514,HIRE,2023-03-30
EV-H-E00515,E00515,HIRE,2024-02-27
EV-H-E00516,E00516,HIRE,2018-09-04
EV-H-E00517,E00517,HIRE,2023-08-29
EV-H-E00518,E00518,HIRE,2018-06-06
EV-H-E00519,E00519,HIRE,2021-01-19
EV-H-E00520,E00520,HIRE,2021-10-25
EV-H-E00521,E00521,HIRE,2020-04-18
EV-H-E00522,E00522,HIRE,2018-12-09
EV-T-E00522,E00522,TERMINATION,2024-09-23
EV-H-E00523,E00523,HIRE,2019-03-27
EV-H-E00524,E00524,HIRE,2023-04-18
EV-H-E00525,E00525,HIRE,2020-01-18
EV-H-E00526,E00526,HIRE,2019-12-29
EV-H-E00527,E00527,HIRE,2023-12-05
EV-H-E00528,E00528,HIRE,2018-12-04
EV-H-E00529,E00529,HIRE,2023-11-16
EV-H-E00530,E00530,HIRE,2023-11-29
EV-H-E00531,E00531,HIRE,2021-11-04
EV-H-E00532,E00532,HIRE,2019-01-24
EV-H-E00533,E00533,HIRE,2019-01-01
EV-H-E00534,E00534,HIRE,2019-10-30
EV-H-E00535,E00535,HIRE,2021-09-15
EV-H-E00536,E00536,HIRE,2018-12-27
EV-T-E00536,E00536,TERMINATION,2024-01-25
EV-H-E00537,E00537,HIRE,2020-12-04
EV-H-E00538,E00538,HIRE,2018-09-28
EV-H-E00539,E00539,HIRE,2021-06-20
EV-H-E00540,E00540,HIRE,2018-02-19
EV-H-E00541,E00541,HIRE,2022-07-20
EV-H-E00542,E00542,HIRE,2018-05-10
EV-T-E00542,E00542,TERMINATION,2022-02-20
EV-H-E00543,E00543,HIRE,2019-04-02
EV-H-E00544,E00544,HIRE,2019-02-14
EV-H-E00545,E00545,HIRE,2023-05-02
EV-H-E00546,E00546,HIRE,2018-05-06
EV-H-E00547,E00547,HIRE,2020-10-03
EV-H-E00548,E00548,HIRE,2021-10-17
EV-H-E00549,E00549,HIRE,2021-04-24
EV-H-E00550,E00550,HIRE,2022-05-15
EV-H-E00551,E00551,HIRE,2023-02-26
EV-H-E00552,E00552,HIRE,2020-07-11
EV-H-E00553,E00553,HIRE,2023-04-26
EV-H-E00554,E00554,HIRE,2020-01-16
EV-H-E00555,E00555,HIRE,2024-04-26
EV-H-E00556,E00556,HIRE,2021-03-28
EV-H-E00557,E00557,HIRE,2022-09-22
EV-H-E00558,E00558,HIRE,2023-08-14
EV-H-E00559,E00559,HIRE,2023-02-01
EV-H-E00560,E00560,HIRE,2023-06-19
EV-H-E00561,E00561,HIRE,2021-06-11
EV-T-E00561,E00561,TERMINATION,2023-08-12
EV-H-E00562,E00562,HIRE,2018-04-12
EV-T-E00562,E00562,TERMINATION,2023-04-27
EV-H-E00563,E00563,HIRE,2021-03-01
EV-H-E00564,E00564,HIRE,2019-03-02
EV-H-E00565,E00565,HIRE,2023-09-16
EV-H-E00566,E00566,HIRE,2019-07-09
EV-T-E00566,E00566,TERMINATION,2022-08-21
EV-H-E00567,E00567,HIRE,2019-06-19
EV-H-E00568,E00568,HIRE,2019-08-08
EV-H-E00569,E00569,HIRE,2022-02-15
EV-T-E00569,E00569,TERMINATION,2023-09-28
EV-H-E00570,E00570,HIRE,2021-08-31
EV-H-E00571,E00571,HIRE,2024-02-03
EV-H-E00572,E00572,HIRE,2020-09-02
EV-T-E00572,E00572,TERMINATION,2022-04-29
EV-H-E00573,E00573,HIRE,2019-10-24
EV-H-E00574,E00574,HIRE,2018-04-26
EV-H-E00575,E00575,HIRE,2018-01-17
EV-H-E00576,E00576,HIRE,2020-05-25
EV-H-E00577,E00577,HIRE,2023-12-11
EV-H-E00578,E00578,HIRE,2021-05-12
EV-H-E00579,E00579,HIRE,2023-09-26
EV-H-E00580,E00580,HIRE,2018-08-27
EV-H-E00581,E00581,HIRE,2018-08-07
EV-H-E00582,E00582,HIRE,2023-05-08
EV-H-E00583,E00583,HIRE,2018-09-08
EV-H-E00584,E00584,HIRE,2018-05-02
EV-T-E00584,E00584,TERMINATION,2024-03-18
EV-H-E00585,E00585,HIRE,2020-08-05
EV-H-E00586,E00586,HIRE,2023-12-08
EV-H-E00587,E00587,HIRE,2022-06-04
EV-H-E00588,E00588,HIRE,2018-08-21
EV-H-E00589,E00589,HIRE,2023-05-17
EV-H-E00590,E00590,HIRE,2023-06-01
EV-T-E00590,E00590,TERMINATION,2024-08-08
EV-H-E00591,E00591,HIRE,2023-02-20
EV-T-E00591,E00591,TERMINATION,2022-04-17
EV-H-E00592,E00592,HIRE,2023-10-17
EV-H-E00593,E00593,HIRE,2019-07-17
EV-H-E00594,E00594,HIRE,2024-04-15
EV-H-E00595,E00595,HIRE,2020-01-22
EV-H-E00596,E00596,HIRE,2023-02-23
EV-H-E00597,E00597,HIRE,2021-09-20
EV-T-E00597,E00597,TERMINATION,2023-07-09
EV-H-E00598,E00598,HIRE,2023-01-02
EV-H-E00599,E00599,HIRE,2022-01-11
EV-H-E00600,E00600,HIRE,2022-02-14
EV-H-E00601,E00601,HIRE,2021-12-15
EV-H-E00602,E00602,HIRE,2022-12-31
EV-H-E00603,E00603,HIRE,2022-09-29
EV-H-E00604,E00604,HIRE,2018-11-12
EV-T-E00604,E00604,TERMINATION,2024-01-28
EV-H-E00605,E00605,HIRE,2023-04-21
EV-T-E00605,E00605,TERMINATION,2022-03-13
EV-H-E00606,E00606,HIRE,2021-06-10
EV-H-E00607,E00607,HIRE,2020-01-28
EV-H-E00608,E00608,HIRE,2021-04-20
EV-H-E00609,E00609,HIRE,2024-03-16
EV-H-E00610,E00610,HIRE,2023-07-04
EV-H-E00611,E00611,HIRE,2023-05-09
EV-H-E00612,E00612,HIRE,2020-12-20
EV-H-E00613,E00613,HIRE,2023-01-13
EV-H-E00614,E00614,HIRE,2020-06-21
EV-H-E00615,E00615,HIRE,2022-05-28
EV-H-E00616,E00616,HIRE,2022-02-08
EV-H-E00617,E00617,HIRE,2019-08-09
EV-H-E00618,E00618,HIRE,2019-09-17
EV-H-E00619,E00619,HIRE,2018-05-24
EV-H-E00620,E00620,HIRE,2018-11-24
EV-H-E00621,E00621,HIRE,2020-10-13
EV-H-E00622,E00622,HIRE,2021-01-25
EV-H-E00623,E00623,HIRE,2019-01-23
EV-H-E00624,E00624,HIRE,2020-09-04
EV-H-E00625,E00625,HIRE,2021-11-17
EV-H-E00626,E00626,HIRE,2019-06-30
EV-H-E00627,E00627,HIRE,2020-03-03
EV-H-E00628,E00628,HIRE,2020-05-11
EV-H-E00629,E00629,HIRE,2021-03-29
EV-H-E00630,E00630,HIRE,2020-05-08
EV-T-E00630,E00630,TERMINATION,2023-03-27
EV-H-E00631,E00631,HIRE,2022-09-24
EV-T-E00631,E00631,TERMINATION,2022-10-26
EV-H-E00632,E00632,HIRE,2020-02-07
EV-H-E00633,E00633,HIRE,2020-10-14
EV-T-E00633,E00633,TERMINATION,2022-02-15
EV-H-E00634,E00634,HIRE,2020-06-08
EV-H-E00635,E00635,HIRE,2019-03-05
EV-H-E00636,E00636,HIRE,2022-05-27
EV-H-E00637,E00637,HIRE,2019-07-06
EV-H-E00638,E00638,HIRE,2019-11-27
EV-H-E00639,E00639,HIRE,2023-02-02
EV-H-E00640,E00640,HIRE,2024-02-03
EV-H-E00641,E00641,HIRE,2022-04-22
EV-H-E00642,E00642,HIRE,2023-11-18
EV-T-E00642,E00642,TERMINATION,2024-07-18
EV-H-E00643,E00643,HIRE,2023-06-26
EV-H-E00644,E00644,HIRE,2021-02-01
EV-H-E00645,E00645,HIRE,2022-12-11
EV-H-E00646,E00646,HIRE,2020-02-09
EV-H-E00647,E00647,HIRE,2020-12-15
EV-H-E00648,E00648,HIRE,2021-06-09
EV-H-E00649,E00649,HIRE,2024-03-01
EV-T-E00649,E00649,TERMINATION,2023-05-30
EV-H-E00650,E00650,HIRE,2023-06-13
EV-H-E00651,E00651,HIRE,2021-02-20
EV-H-E00652,E00652,HIRE,2022-03-10
EV-H-E00653,E00653,HIRE,2019-04-20
EV-H-E00654,E00654,HIRE,2023-03-01
EV-T-E00654,E00654,TERMINATION,2024-05-18
EV-H-E00655,E00655,HIRE,2021-07-20
EV-H-E00656,E00656,HIRE,2021-06-02
EV-H-E00657,E00657,HIRE,2022-12-02
EV-H-E00658,E00658,HIRE,2022-01-23
EV-H-E00659,E00659,HIRE,2018-06-19
EV-H-E00660,E00660,HIRE,2019-11-07
EV-T-E00660,E00660,TERMINATION,2023-11-10
EV-H-E00661,E00661,HIRE,2019-02-19
EV-T-E00661,E00661,TERMINATION,2024-10-09
EV-H-E00662,E00662,HIRE,2022-09-19
EV-T-E00662,E00662,TERMINATION,2025-02-26
EV-H-E00663,E00663,HIRE,2018-03-24
EV-H-E00664,E00664,HIRE,2019-04-20
EV-T-E00664,E00664,TERMINATION,2023-11-28
EV-H-E00665,E00665,HIRE,2021-11-01
EV-H-E00666,E00666,HIRE,2022-06-17
EV-H-E00667,E00667,HIRE,2021-03-25
EV-H-E00668,E00668,HIRE,2023-07-11
EV-H-E00669,E00669,HIRE,2023-11-24
EV-H-E00670,E00670,HIRE,2018-11-06
EV-H-E00671,E00671,HIRE,2024-02-11
EV-H-E00672,E00672,HIRE,2021-12-11
EV-H-E00673,E00673,HIRE,2022-01-31
EV-H-E00674,E00674,HIRE,2018-08-11
EV-H-E00675,E00675,HIRE,2021-12-28
EV-H-E00676,E00676,HIRE,2022-08-29
EV-H-E00677,E00677,HIRE,2021-09-23
EV-H-E00678,E00678,HIRE,2018-07-18
EV-T-E00678,E00678,TERMINATION,2023-02-12
EV-H-E00679,E00679,HIRE,2021-05-11
EV-H-E00680,E00680,HIRE,2024-01-03
EV-H-E00681,E00681,HIRE,2022-08-23
EV-T-E00681,E00681,TERMINATION,2023-05-04
EV-H-E00682,E00682,HIRE,2018-11-19
EV-H-E00683,E00683,HIRE,2024-02-29
EV-H-E00684,E00684,HIRE,2024-02-26
EV-T-E00684,E00684,TERMINATION,2024-08-12
EV-H-E00685,E00685,HIRE,2019-02-02
EV-H-E00686,E00686,HIRE,2023-02-21
EV-H-E00687,E00687,HIRE,2020-08-11
EV-H-E00688,E00688,HIRE,2021-10-23
EV-H-E00689,E00689,HIRE,2020-11-09
EV-H-E00690,E00690,HIRE,2023-01-09
EV-H-E00691,E00691,HIRE,2024-05-25
EV-H-E00692,E00692,HIRE,2023-02-07
EV-H-E00693,E00693,HIRE,2023-12-24
EV-H-E00694,E00694,HIRE,2024-01-27
EV-H-E00695,E00695,HIRE,2018-07-31
EV-H-E00696,E00696,HIRE,2019-08-17
EV-H-E00697,E00697,HIRE,2022-08-20
EV-H-E00698,E00698,HIRE,2021-10-15
EV-H-E00699,E00699,HIRE,2018-04-28
EV-H-E00700,E00700,HIRE,2018-08-11
EV-H-E00701,E00701,HIRE,2021-05-05
EV-H-E00702,E00702,HIRE,2021-12-15
EV-H-E00703,E00703,HIRE,2019-01-29
EV-T-E00703,E00703,TERMINATION,2023-05-09
EV-H-E00704,E00704,HIRE,2019-02-06
EV-H-E00705,E00705,HIRE,2018-10-31
EV-H-E00706,E00706,HIRE,2021-08-17
EV-H-E00707,E00707,HIRE,2018-01-19
EV-T-E00707,E00707,TERMINATION,2023-08-24
EV-H-E00708,E00708,HIRE,2021-09-03
EV-H-E00709,E00709,HIRE,2021-01-20
EV-H-E00710,E00710,HIRE,2020-12-28
EV-H-E00711,E00711,HIRE,2022-05-12
EV-T-E00711,E00711,TERMINATION,2022-08-13
EV-H-E00712,E00712,HIRE,2021-05-10
EV-H-E00713,E00713,HIRE,2022-09-02
EV-H-E00714,E00714,HIRE,2022-11-26
EV-H-E00715,E00715,HIRE,2023-11-27
EV-T-E00715,E00715,TERMINATION,2025-02-18
EV-H-E00716,E00716,HIRE,2023-02-17
EV-H-E00717,E00717,HIRE,2021-04-28
EV-H-E00718,E00718,HIRE,2021-02-27
EV-H-E00719,E00719,HIRE,2019-07-07
EV-T-E00719,E00719,TERMINATION,2024-01-23
EV-H-E00720,E00720,HIRE,2021-11-06
EV-H-E00721,E00721,HIRE,2018-11-23
EV-H-E00722,E00722,HIRE,2023-12-23
EV-H-E00723,E00723,HIRE,2023-06-04
EV-H-E00724,E00724,HIRE,2018-10-08
EV-H-E00725,E00725,HIRE,2023-01-17
EV-H-E00726,E00726,HIRE,2018-10-02
EV-T-E00726,E00726,TERMINATION,2023-01-17
EV-H-E00727,E00727,HIRE,2022-08-18
EV-H-E00728,E00728,HIRE,2018-07-25
EV-H-E00729,E00729,HIRE,2021-02-18
EV-H-E00730,E00730,HIRE,2022-03-23
EV-H-E00731,E00731,HIRE,2022-09-05
EV-H-E00732,E00732,HIRE,2020-09-08
EV-T-E00732,E00732,TERMINATION,2023-11-08
EV-H-E00733,E00733,HIRE,2023-12-01
EV-H-E00734,E00734,HIRE,2022-12-21
EV-H-E00735,E00735,HIRE,2019-05-04
EV-H-E00736,E00736,HIRE,2022-04-23
EV-H-E00737,E00737,HIRE,2022-09-09
EV-T-E00737,E00737,TERMINATION,2023-04-09
EV-H-E00738,E00738,HIRE,2020-02-22
EV-T-E00738,E00738,TERMINATION,2022-06-29
EV-H-E00739,E00739,HIRE,2022-09-27
EV-H-E00740,E00740,HIRE,2023-10-07
EV-H-E00741,E00741,HIRE,2023-03-31
EV-H-E00742,E00742,HIRE,2022-11-23
EV-H-E00743,E00743,HIRE,2022-01-27
EV-H-E00744,E00744,HIRE,2019-09-27
EV-H-E00745,E00745,HIRE,2023-02-08
EV-H-E00746,E00746,HIRE,2020-05-03
EV-H-E00747,E00747,HIRE,2021-06-01
EV-H-E00748,E00748,HIRE,2020-01-08
EV-H-E00749,E00749,HIRE,2020-01-04
EV-H-E00750,E00750,HIRE,2019-01-05
EV-H-E00751,E00751,HIRE,2024-03-03
EV-H-E00752,E00752,HIRE,2018-12-13
EV-T-E00752,E00752,TERMINATION,2024-10-08
EV-H-E00753,E00753,HIRE,2018-07-22
EV-H-E00754,E00754,HIRE,2024-01-04
EV-H-E00755,E00755,HIRE,2021-07-24
EV-T-E00755,E00755,TERMINATION,2024-10-20
EV-H-E00756,E00756,HIRE,2020-10-23
EV-T-E00756,E00756,TERMINATION,2024-08-23
EV-H-E00757,E00757,HIRE,2022-09-25
EV-H-E00758,E00758,HIRE,2020-06-17
EV-H-E00759,E00759,HIRE,2018-10-27
EV-H-E00760,E00760,HIRE,2022-09-07
EV-H-E00761,E00761,HIRE,2019-02-17
EV-H-E00762,E00762,HIRE,2021-07-20
EV-H-E00763,E00763,HIRE,2024-02-03
EV-T-E00763,E00763,TERMINATION,2023-03-02
EV-H-E00764,E00764,HIRE,2024-01-04
EV-H-E00765,E00765,HIRE,2020-04-25
EV-H-E00766,E00766,HIRE,2023-01-04
EV-H-E00767,E00767,HIRE,2021-12-07
EV-H-E00768,E00768,HIRE,2021-01-28
EV-H-E00769,E00769,HIRE,2018-11-24
EV-T-E00769,E00769,TERMINATION,2022-10-24
EV-H-E00770,E00770,HIRE,2020-06-01
EV-H-E00771,E00771,HIRE,2022-03-09
EV-H-E00772,E00772,HIRE,2024-05-01
EV-H-E00773,E00773,HIRE,2018-01-12
EV-H-E00774,E00774,HIRE,2022-08-10
EV-T-E00774,E00774,TERMINATION,2022-02-27
EV-H-E00775,E00775,HIRE,2023-06-07
EV-T-E00775,E00775,TERMINATION,2024-04-25
EV-H-E00776,E00776,HIRE,2024-02-08
EV-T-E00776,E00776,TERMINATION,2023-01-15
EV-H-E00777,E00777,HIRE,2020-09-20
EV-H-E00778,E00778,HIRE,2018-10-05
EV-T-E00778,E00778,TERMINATION,2024-10-28
EV-H-E00779,E00779,HIRE,2019-09-28
EV-H-E00780,E00780,HIRE,2023-06-17
EV-H-E00781,E00781,HIRE,2023-08-20
EV-H-E00782,E00782,HIRE,2022-02-02
EV-H-E00783,E00783,HIRE,2018-10-15
EV-T-E00783,E00783,TERMINATION,2024-10-02
EV-H-E00784,E00784,HIRE,2018-10-13
EV-H-E00785,E00785,HIRE,2021-01-25
EV-T-E00785,E00785,TERMINATION,2022-05-29
EV-H-E00786,E00786,HIRE,2021-10-10
EV-H-E00787,E00787,HIRE,2018-03-17
EV-T-E00787,E00787,TERMINATION,2024-11-26
EV-H-E00788,E00788,HIRE,2022-05-28
EV-H-E00789,E00789,HIRE,2021-06-30
EV-H-E00790,E00790,HIRE,2018-01-29
EV-H-E00791,E00791,HIRE,2018-08-13
EV-H-E00792,E00792,HIRE,2020-11-30
EV-H-E00793,E00793,HIRE,2022-08-21
EV-T-E00793,E00793,TERMINATION,2022-06-12
EV-H-E00794,E00794,HIRE,2023-04-19
EV-H-E00795,E00795,HIRE,2020-10-07
EV-H-E00796,E00796,HIRE,2019-11-24
EV-H-E00797,E00797,HIRE,2024-03-19
EV-H-E00798,E00798,HIRE,2020-12-10
EV-H-E00799,E00799,HIRE,2020-01-10
EV-H-E00800,E00800,HIRE,2020-11-02
